timestamp,initial_cash,cash,realized_net_pnl,unrealized_net_pnl,equity,expected_equity,reconciliation_diff,drawdown,open_positions
2026-01-02T09:00:00,100000000.0,100000000.0,0,0,100000000.0,100000000.0,0.0,0.0,0
2026-01-02T09:05:00,100000000.0,100000000.0,0,0,100000000.0,100000000.0,0.0,0.0,0
2026-01-02T09:10:00,100000000.0,73190039.11,0,0.0,99995979.11,100000000.0,4020.891,0.0,0
2026-01-02T09:15:00,100000000.0,73190039.11,0,253232.0,100249211.11,100253232.0,4020.891,0.0,0
2026-01-02T09:20:00,100000000.0,-26939678.1,0,268226.0,100249187.9,100268226.0,19038.096,0.0,0
2026-01-02T09:25:00,100000000.0,-26939678.1,0,670880.0,100651841.9,100670880.0,19038.096,0.0,0
2026-01-02T09:30:00,100000000.0,-26939678.1,0,731570.0,100712531.9,100731570.0,19038.096,0.0,0
2026-01-02T09:35:00,100000000.0,-26939678.1,0,785862.0,100766823.9,100785862.0,19038.096,0.0,0
2026-01-02T09:40:00,100000000.0,3413517.53,0,1439528.0,101811185.53,101439528.0,371657.529,0.0,0
2026-01-02T09:45:00,100000000.0,3413517.53,0,1631966.0,102003623.53,101631966.0,371657.529,0.0,0
2026-01-02T09:50:00,100000000.0,24884966.4,0,1205748.0,102035154.4,101205748.0,829406.399,0.0,0
2026-01-02T09:55:00,100000000.0,24884966.4,0,1081008.0,101910414.4,101081008.0,829406.399,0.0012,0
2026-01-02T10:00:00,100000000.0,24884966.4,0,1117210.0,101946616.4,101117210.0,829406.399,0.0009,0
2026-01-02T10:05:00,100000000.0,24884966.4,0,570714.0,101400120.4,100570714.0,829406.399,0.0062,0
2026-01-02T10:10:00,100000000.0,24884966.4,0,1088962.0,101918368.4,101088962.0,829406.399,0.0011,0
2026-01-02T10:15:00,100000000.0,24884966.4,0,862780.0,101692186.4,100862780.0,829406.399,0.0034,0
2026-01-02T10:20:00,100000000.0,51721772.38,26845.09,701100.0,101561372.38,100727945.09,833427.29,0.0046,0
2026-01-02T10:25:00,100000000.0,11897399.62,26845.09,523980.0,101378279.62,100550825.09,827454.53,0.0064,0
2026-01-02T10:30:00,100000000.0,11897399.62,26845.09,394092.0,101248391.62,100420937.09,827454.53,0.0077,0
2026-01-02T10:35:00,100000000.0,23839267.48,26845.09,252935.0,101117702.48,100279780.09,837922.39,0.009,0
2026-01-02T10:40:00,100000000.0,62868583.45,837327.91,0.0,100831633.45,100837327.91,5694.4575,0.0118,0
2026-01-02T10:45:00,100000000.0,-4845572.15,837327.91,181980.0,101003457.85,101019307.91,15850.0575,0.0101,0
2026-01-02T10:50:00,100000000.0,-4845572.15,837327.91,671106.0,101492583.85,101508433.91,15850.0575,0.0053,0
2026-01-02T10:55:00,100000000.0,6721577.84,837327.91,596076.0,101607053.84,101433403.91,173649.93,0.0042,0
2026-01-02T11:00:00,100000000.0,6721577.84,837327.91,176988.0,101187965.84,101014315.91,173649.93,0.0083,0
2026-01-02T11:05:00,100000000.0,6721577.84,837327.91,723420.0,101734397.84,101560747.91,173649.93,0.0029,0
2026-01-02T11:10:00,100000000.0,14920558.59,837327.91,696432.0,101945790.59,101533759.91,412030.68,0.0009,0
2026-01-02T11:15:00,100000000.0,14920558.59,837327.91,455216.0,101704574.59,101292543.91,412030.68,0.0032,0
2026-01-02T11:20:00,100000000.0,42289535.36,443640.91,649264.0,101509099.36,101092904.91,416194.455,0.0052,0
2026-01-02T11:25:00,100000000.0,2850870.45,443640.91,1130977.0,101984897.45,101574617.91,410279.5425,0.0005,0
2026-01-02T11:30:00,100000000.0,14961408.76,443640.91,1426722.0,102442880.76,101870362.91,572517.8525,0.0,0
2026-01-02T11:35:00,100000000.0,14961408.76,443640.91,1508238.0,102524396.76,101951878.91,572517.8525,0.0,0
2026-01-02T11:40:00,100000000.0,14961408.76,443640.91,1503130.0,102519288.76,101946770.91,572517.8525,0.0,0
2026-01-02T11:45:00,100000000.0,14961408.76,443640.91,1806830.0,102822988.76,102250470.91,572517.8525,0.0,0
2026-01-02T11:50:00,100000000.0,14961408.76,443640.91,1803529.0,102819687.76,102247169.91,572517.8525,0.0,0
2026-01-02T11:55:00,100000000.0,14961408.76,443640.91,1902541.0,102918699.76,102346181.91,572517.8525,0.0,0
2026-01-02T12:00:00,100000000.0,26930822.8,443640.91,1899893.0,103075065.8,102343533.91,731531.8925,0.0,0
2026-01-02T12:05:00,100000000.0,26930822.8,443640.91,1736161.0,102911333.8,102179801.91,731531.8925,0.0016,0
2026-01-02T12:10:00,100000000.0,26930822.8,443640.91,1660452.0,102835624.8,102104092.91,731531.8925,0.0023,0
2026-01-02T12:15:00,100000000.0,35412950.33,443640.91,1868826.0,103251076.33,102312466.91,938609.4275,0.0,0
2026-01-02T12:20:00,100000000.0,35412950.33,443640.91,2046616.0,103428866.33,102490256.91,938609.4275,0.0,0
2026-01-02T12:25:00,100000000.0,35412950.33,443640.91,2176004.0,103558254.33,102619644.91,938609.4275,0.0,0
2026-01-02T12:30:00,100000000.0,63355555.79,545292.85,1844558.0,103172213.79,102389850.85,782362.9425,0.0037,0
2026-01-02T12:35:00,100000000.0,-29942836.87,545292.85,1628860.0,102942523.13,102174152.85,768370.2825,0.0059,0
2026-01-02T12:40:00,100000000.0,-29942836.87,545292.85,1366390.0,102680053.13,101911682.85,768370.2825,0.0085,0
2026-01-02T12:45:00,100000000.0,-29942836.87,545292.85,1520138.0,102833801.13,102065430.85,768370.2825,0.007,0
2026-01-02T12:50:00,100000000.0,-29942836.87,545292.85,2128352.0,103442015.13,102673644.85,768370.2825,0.0011,0
2026-01-02T12:55:00,100000000.0,-29942836.87,545292.85,2678122.0,103991785.13,103223414.85,768370.2825,0.0,0
2026-01-02T13:00:00,100000000.0,-1734750.11,545292.85,3076936.0,104678485.89,103622228.85,1056257.0425,0.0,0
2026-01-02T13:05:00,100000000.0,-1734750.11,545292.85,3011752.0,104613301.89,103557044.85,1056257.0425,0.0006,0
2026-01-02T13:10:00,100000000.0,-1734750.11,545292.85,3309610.0,104911159.89,103854902.85,1056257.0425,0.0,0
2026-01-02T13:15:00,100000000.0,18194312.29,545292.85,3468912.0,105463524.29,104014204.85,1449319.4425,0.0,0
2026-01-02T13:20:00,100000000.0,18194312.29,545292.85,3339762.0,105334374.29,103885054.85,1449319.4425,0.0012,0
2026-01-02T13:25:00,100000000.0,18194312.29,545292.85,3753318.0,105747930.29,104298610.85,1449319.4425,0.0,0
2026-01-02T13:30:00,100000000.0,18194312.29,545292.85,4264144.0,106258756.29,104809436.85,1449319.4425,0.0,0
2026-01-02T13:35:00,100000000.0,18194312.29,545292.85,4319816.0,106314428.29,104865108.85,1449319.4425,0.0,0
2026-01-02T13:40:00,100000000.0,18194312.29,545292.85,4457938.0,106452550.29,105003230.85,1449319.4425,0.0,0
2026-01-02T13:45:00,100000000.0,18194312.29,545292.85,4124228.0,106118840.29,104669520.85,1449319.4425,0.0031,0
2026-01-02T13:50:00,100000000.0,18194312.29,545292.85,4200568.0,106195180.29,104745860.85,1449319.4425,0.0024,0
2026-01-02T13:55:00,100000000.0,18194312.29,545292.85,4518298.0,106512910.29,105063590.85,1449319.4425,0.0,0
2026-01-02T14:00:00,100000000.0,18194312.29,545292.85,4067356.0,106061968.29,104612648.85,1449319.4425,0.0042,0
2026-01-02T14:05:00,100000000.0,64438859.24,1628596.3,3544298.0,105955257.24,105172894.3,782362.9425,0.0052,0
2026-01-02T14:10:00,100000000.0,22895288.64,1628596.3,3441916.0,105846644.64,105070512.3,776132.3415,0.0063,0
2026-01-02T14:15:00,100000000.0,22895288.64,1628596.3,3491288.0,105896016.64,105119884.3,776132.3415,0.0058,0
2026-01-02T14:20:00,100000000.0,22895288.64,1628596.3,3259110.0,105663838.64,104887706.3,776132.3415,0.008,0
2026-01-02T14:25:00,100000000.0,22895288.64,1628596.3,3319924.0,105724652.64,104948520.3,776132.3415,0.0074,0
2026-01-02T14:30:00,100000000.0,22895288.64,1628596.3,3313172.0,105717900.64,104941768.3,776132.3415,0.0075,0
2026-01-02T14:35:00,100000000.0,22895288.64,1628596.3,3580860.0,105985588.64,105209456.3,776132.3415,0.005,0
2026-01-02T14:40:00,100000000.0,-19156999.28,1163805.57,4092986.0,106026686.72,105256791.57,769895.1525,0.0046,0
2026-01-02T14:45:00,100000000.0,-19156999.28,1163805.57,4699678.0,106633378.72,105863483.57,769895.1525,0.0,0
2026-01-02T14:50:00,100000000.0,-19156999.28,1163805.57,4750228.0,106683928.72,105914033.57,769895.1525,0.0,0
2026-01-02T14:55:00,100000000.0,-19156999.28,1163805.57,4927196.0,106860896.72,106091001.57,769895.1525,0.0,0
2026-01-02T15:00:00,100000000.0,-19156999.28,1163805.57,4515724.0,106449424.72,105679529.57,769895.1525,0.0039,0
2026-01-02T15:05:00,100000000.0,6126800.98,1163805.57,5769014.0,108061914.98,106932819.57,1129095.4125,0.0,0
2026-01-02T15:10:00,100000000.0,6126800.98,1163805.57,5325376.0,107618276.98,106489181.57,1129095.4125,0.0041,0
2026-01-02T15:15:00,100000000.0,6126800.98,1163805.57,4993664.0,107286564.98,106157469.57,1129095.4125,0.0072,0
2026-01-02T15:20:00,100000000.0,107017878.99,7017878.99,0,107017878.99,107017878.99,0.0,0.0097,0
2026-01-02T15:25:00,100000000.0,107017878.99,7017878.99,0,107017878.99,107017878.99,0.0,0.0097,0
2026-01-02T15:30:00,100000000.0,107017878.99,7017878.99,0,107017878.99,107017878.99,0.0,0.0097,0
2026-01-05T09:00:00,100000000.0,61723335.83,7017878.99,0.0,107011085.83,107017878.99,6793.1625,0.0097,0
2026-01-05T09:05:00,100000000.0,20795997.65,7017878.99,-189925.0,106815022.65,106827953.99,12931.3425,0.0115,0
2026-01-05T09:10:00,100000000.0,20795997.65,7017878.99,109675.0,107114622.65,107127553.99,12931.3425,0.0088,0
2026-01-05T09:15:00,100000000.0,20795997.65,7017878.99,44351.0,107049298.65,107062229.99,12931.3425,0.0094,0
2026-01-05T09:20:00,100000000.0,33139381.02,7017878.99,121444.0,107218675.02,107139322.99,79352.0325,0.0078,0
2026-01-05T09:25:00,100000000.0,33139381.02,7017878.99,-29684.0,107067547.02,106988194.99,79352.0325,0.0092,0
2026-01-05T09:30:00,100000000.0,33139381.02,7017878.99,371694.0,107468925.02,107389572.99,79352.0325,0.0055,0
2026-01-05T09:35:00,100000000.0,47324617.87,6629098.5,384462.0,107260279.87,107013560.5,246719.37,0.0074,0
2026-01-05T09:40:00,100000000.0,4881852.41,6629098.5,-33297.0,106836155.41,106595801.5,240353.91,0.0113,0
2026-01-05T09:45:00,100000000.0,43738434.04,6010259.7,175422.0,106431956.04,106185681.7,246274.335,0.0151,0
2026-01-05T09:50:00,100000000.0,43738434.04,6010259.7,386811.0,106643345.04,106397070.7,246274.335,0.0131,0
2026-01-05T09:55:00,100000000.0,11765638.84,6010259.7,616220.0,106867958.84,106626479.7,241479.135,0.011,0
2026-01-05T10:00:00,100000000.0,24587487.38,6010259.7,491895.0,106878882.38,106502154.7,376727.68,0.0109,0
2026-01-05T10:05:00,100000000.0,24587487.38,6010259.7,593559.0,106980546.38,106603818.7,376727.68,0.01,0
2026-01-05T10:10:00,100000000.0,24587487.38,6010259.7,513288.0,106900275.38,106523547.7,376727.68,0.0107,0
2026-01-05T10:15:00,100000000.0,24587487.38,6010259.7,411105.0,106798092.38,106421364.7,376727.68,0.0117,0
2026-01-05T10:20:00,100000000.0,24587487.38,6010259.7,526614.0,106913601.38,106536873.7,376727.68,0.0106,0
2026-01-05T10:25:00,100000000.0,33698386.42,6010259.7,689494.0,107267980.42,106699753.7,568226.715,0.0073,0
2026-01-05T10:30:00,100000000.0,33698386.42,6010259.7,653176.0,107231662.42,106663435.7,568226.715,0.0077,0
2026-01-05T10:35:00,100000000.0,33698386.42,6010259.7,672801.0,107251287.42,106683060.7,568226.715,0.0075,0
2026-01-05T10:40:00,100000000.0,65382481.72,5721559.8,727738.0,107022319.72,106449297.8,573021.915,0.0096,0
2026-01-05T10:45:00,100000000.0,65382481.72,5721559.8,665186.0,106959767.72,106386745.8,573021.915,0.0102,0
2026-01-05T10:50:00,100000000.0,-313836.65,5982647.27,505720.0,106795883.35,106488367.27,307516.08,0.0117,0
2026-01-05T10:55:00,100000000.0,-313836.65,5982647.27,1174980.0,107465143.35,107157627.27,307516.08,0.0055,0
2026-01-05T11:00:00,100000000.0,-313836.65,5982647.27,1788928.0,108079091.35,107771575.27,307516.08,0.0,0
2026-01-05T11:05:00,100000000.0,25694547.91,5982647.27,1606088.0,108201435.91,107588735.27,612700.64,0.0,0
2026-01-05T11:10:00,100000000.0,25694547.91,5982647.27,1352816.0,107948163.91,107335463.27,612700.64,0.0023,0
2026-01-05T11:15:00,100000000.0,25694547.91,5982647.27,1566976.0,108162323.91,107549623.27,612700.64,0.0004,0
2026-01-05T11:20:00,100000000.0,25694547.91,5982647.27,1606448.0,108201795.91,107589095.27,612700.64,0.0,0
2026-01-05T11:25:00,100000000.0,25694547.91,5982647.27,1900912.0,108496259.91,107883559.27,612700.64,0.0,0
2026-01-05T11:30:00,100000000.0,25694547.91,5982647.27,1898440.0,108493787.91,107881087.27,612700.64,0.0,0
2026-01-05T11:35:00,100000000.0,44010761.51,5982647.27,1725088.0,108731049.51,107707735.27,1023314.24,0.0,0
2026-01-05T11:40:00,100000000.0,2219883.82,5982647.27,1519696.0,108519389.82,107502343.27,1017046.5485,0.0019,0
2026-01-05T11:45:00,100000000.0,2219883.82,5982647.27,1051634.0,108051327.82,107034281.27,1017046.5485,0.0063,0
2026-01-05T11:50:00,100000000.0,3079812.12,6778216.39,946604.0,108032726.12,107724820.39,307905.7335,0.0064,0
2026-01-05T11:55:00,100000000.0,3079812.12,6778216.39,1713582.0,108799704.12,108491798.39,307905.7335,0.0,0
2026-01-05T12:00:00,100000000.0,3079812.12,6778216.39,2253466.0,109339588.12,109031682.39,307905.7335,0.0,0
2026-01-05T12:05:00,100000000.0,15640870.2,6778216.39,1837078.0,109075298.2,108615294.39,460003.8135,0.0024,0
2026-01-05T12:10:00,100000000.0,28302052.66,6778216.39,2336476.0,109705568.66,109114692.39,590876.2695,0.0,0
2026-01-05T12:15:00,100000000.0,46176050.26,6778216.39,2205596.0,109989496.26,108983812.39,1005683.8755,0.0,0
2026-01-05T12:20:00,100000000.0,46176050.26,6778216.39,2111321.0,109895221.26,108889537.39,1005683.8755,0.0009,0
2026-01-05T12:25:00,100000000.0,46176050.26,6778216.39,2239632.0,110023532.26,109017848.39,1005683.8755,0.0,0
2026-01-05T12:30:00,100000000.0,46176050.26,6778216.39,2447640.0,110231540.26,109225856.39,1005683.8755,0.0,0
2026-01-05T12:35:00,100000000.0,46176050.26,6778216.39,2447479.0,110231379.26,109225695.39,1005683.8755,0.0,0
2026-01-05T12:40:00,100000000.0,46176050.26,6778216.39,2726332.0,110510232.26,109504548.39,1005683.8755,0.0,0
2026-01-05T12:45:00,100000000.0,67828944.62,7921092.87,1813490.0,110419884.62,109734582.87,685301.7555,0.0008,0
2026-01-05T12:50:00,100000000.0,26974817.42,7921092.87,1799000.0,110399267.42,109720092.87,679174.5555,0.001,0
2026-01-05T12:55:00,100000000.0,26974817.42,7921092.87,2375219.0,110975486.42,110296311.87,679174.5555,0.0,0
2026-01-05T13:00:00,100000000.0,26974817.42,7921092.87,2161319.0,110761586.42,110082411.87,679174.5555,0.0019,0
2026-01-05T13:05:00,100000000.0,26974817.42,7921092.87,2447048.0,111047315.42,110368140.87,679174.5555,0.0,0
2026-01-05T13:10:00,100000000.0,26974817.42,7921092.87,2502524.0,111102791.42,110423616.87,679174.5555,0.0,0
2026-01-05T13:15:00,100000000.0,26974817.42,7921092.87,2713595.0,111313862.42,110634687.87,679174.5555,0.0,0
2026-01-05T13:20:00,100000000.0,26974817.42,7921092.87,3073223.0,111673490.42,110994315.87,679174.5555,0.0,0
2026-01-05T13:25:00,100000000.0,67412609.66,7504757.91,2965445.0,111155504.66,110470202.91,685301.7555,0.0046,0
2026-01-05T13:30:00,100000000.0,67412609.66,7504757.91,3233510.0,111423569.66,110738267.91,685301.7555,0.0022,0
2026-01-05T13:35:00,100000000.0,30165423.42,7504757.91,3342185.0,111526658.42,110846942.91,679715.5155,0.0013,0
2026-01-05T13:40:00,100000000.0,30165423.42,7504757.91,2986904.0,111171377.42,110491661.91,679715.5155,0.0045,0
2026-01-05T13:45:00,100000000.0,30165423.42,7504757.91,2621319.0,110805792.42,110126076.91,679715.5155,0.0078,0
2026-01-05T13:50:00,100000000.0,30165423.42,7504757.91,2879264.0,111063737.42,110384021.91,679715.5155,0.0055,0
2026-01-05T13:55:00,100000000.0,66374877.03,6467025.28,3803450.0,110955777.03,110270475.28,685301.7555,0.0064,0
2026-01-05T14:00:00,100000000.0,66374877.03,6467025.28,3895220.0,111047547.03,110362245.28,685301.7555,0.0056,0
2026-01-05T14:05:00,100000000.0,66374877.03,6467025.28,3921785.0,111074112.03,110388810.28,685301.7555,0.0054,0
2026-01-05T14:10:00,100000000.0,66374877.03,6467025.28,4218830.0,111371157.03,110685855.28,685301.7555,0.0027,0
2026-01-05T14:15:00,100000000.0,66374877.03,6467025.28,4240565.0,111392892.03,110707590.28,685301.7555,0.0025,0
2026-01-05T14:20:00,100000000.0,66374877.03,6467025.28,4226075.0,111378402.03,110693100.28,685301.7555,0.0026,0
2026-01-05T14:25:00,100000000.0,66374877.03,6467025.28,4112570.0,111264897.03,110579595.28,685301.7555,0.0037,0
2026-01-05T14:30:00,100000000.0,66374877.03,6467025.28,4025630.0,111177957.03,110492655.28,685301.7555,0.0044,0
2026-01-05T14:35:00,100000000.0,66374877.03,6467025.28,3791375.0,110943702.03,110258400.28,685301.7555,0.0065,0
2026-01-05T14:40:00,100000000.0,66374877.03,6467025.28,4020800.0,111173127.03,110487825.28,685301.7555,0.0045,0
2026-01-05T14:45:00,100000000.0,66374877.03,6467025.28,4105325.0,111257652.03,110572350.28,685301.7555,0.0037,0
2026-01-05T14:50:00,100000000.0,66374877.03,6467025.28,4011140.0,111163467.03,110478165.28,685301.7555,0.0046,0
2026-01-05T14:55:00,100000000.0,66374877.03,6467025.28,3919370.0,111071697.03,110386395.28,685301.7555,0.0054,0
2026-01-05T15:00:00,100000000.0,66374877.03,6467025.28,4153625.0,111305952.03,110620650.28,685301.7555,0.0033,0
2026-01-05T15:05:00,100000000.0,66374877.03,6467025.28,4136720.0,111289047.03,110603745.28,685301.7555,0.0034,0
2026-01-05T15:10:00,100000000.0,66374877.03,6467025.28,4189850.0,111342177.03,110656875.28,685301.7555,0.003,0
2026-01-05T15:15:00,100000000.0,66374877.03,6467025.28,4252640.0,111404967.03,110719665.28,685301.7555,0.0024,0
2026-01-05T15:20:00,100000000.0,111061667.54,11061667.54,0,111061667.54,111061667.54,0.0,0.0055,0
2026-01-05T15:25:00,100000000.0,111061667.54,11061667.54,0,111061667.54,111061667.54,0.0,0.0055,0
2026-01-05T15:30:00,100000000.0,111061667.54,11061667.54,0,111061667.54,111061667.54,0.0,0.0055,0
2026-01-06T09:00:00,100000000.0,111061667.54,11061667.54,0,111061667.54,111061667.54,0.0,0.0055,0
2026-01-06T09:05:00,100000000.0,3860889.83,11061667.54,0.0,111045589.83,111061667.54,16077.705,0.0056,0
2026-01-06T09:10:00,100000000.0,3860889.83,11061667.54,491568.0,111537157.83,111553235.54,16077.705,0.0012,0
2026-01-06T09:15:00,100000000.0,3860889.83,11061667.54,352688.0,111398277.83,111414355.54,16077.705,0.0025,0
2026-01-06T09:20:00,100000000.0,15118594.42,11061667.54,427575.0,111662569.42,111489242.54,173326.88,0.0001,0
2026-01-06T09:25:00,100000000.0,15118594.42,11061667.54,730581.0,111965575.42,111792248.54,173326.88,0.0,0
2026-01-06T09:30:00,100000000.0,15118594.42,11061667.54,1370776.0,112605770.42,112432443.54,173326.88,0.0,0
2026-01-06T09:35:00,100000000.0,15118594.42,11061667.54,634210.0,111869204.42,111695877.54,173326.88,0.0065,0
2026-01-06T09:40:00,100000000.0,14134630.79,10786310.18,485728.0,111445258.79,111272038.18,173220.605,0.0103,0
2026-01-06T09:45:00,100000000.0,14134630.79,10786310.18,93688.0,111053218.79,110879998.18,173220.605,0.0138,0
2026-01-06T09:50:00,100000000.0,14134630.79,10786310.18,-55284.0,110904246.79,110731026.18,173220.605,0.0151,0
2026-01-06T09:55:00,100000000.0,14134630.79,10786310.18,-370524.0,110589006.79,110415786.18,173220.605,0.0179,0
2026-01-06T10:00:00,100000000.0,14134630.79,10786310.18,-477054.0,110482476.79,110309256.18,173220.605,0.0189,0
2026-01-06T10:05:00,100000000.0,14134630.79,10786310.18,10519.0,110970049.79,110796829.18,173220.605,0.0145,0
2026-01-06T10:10:00,100000000.0,14134630.79,10786310.18,99519.0,111059049.79,110885829.18,173220.605,0.0137,0
2026-01-06T10:15:00,100000000.0,75334158.54,10771473.34,201240.0,110967398.54,110972713.34,5314.8,0.0145,0
2026-01-06T10:20:00,100000000.0,75334158.54,10771473.34,357760.0,111123918.54,111129233.34,5314.8,0.0132,0
2026-01-06T10:25:00,100000000.0,75334158.54,10771473.34,260580.0,111026738.54,111032053.34,5314.8,0.014,0
2026-01-06T10:30:00,100000000.0,33403919.95,10771473.34,149640.0,110909509.95,110921113.34,11603.3925,0.0151,0
2026-01-06T10:35:00,100000000.0,68766827.55,10697066.14,-226016.0,110464761.55,110471050.14,6288.5925,0.019,0
2026-01-06T10:40:00,100000000.0,17009065.05,10697066.14,-17153.0,110665862.05,110679913.14,14051.0925,0.0172,0
2026-01-06T10:45:00,100000000.0,17009065.05,10697066.14,-7754.0,110675261.05,110689312.14,14051.0925,0.0171,0
2026-01-06T10:50:00,100000000.0,32648408.74,10697066.14,-211094.0,110586264.74,110485972.14,100292.6025,0.0179,0
2026-01-06T10:55:00,100000000.0,73785684.33,9904103.13,368529.0,110379213.33,110272632.13,106581.195,0.0198,0
2026-01-06T11:00:00,100000000.0,73785684.33,9904103.13,452571.0,110463255.33,110356674.13,106581.195,0.019,0
2026-01-06T11:05:00,100000000.0,67981752.78,9940045.58,0.0,109933752.78,109940045.58,6292.8,0.0237,0
2026-01-06T11:10:00,100000000.0,26745668.29,9940045.58,-373152.0,109554416.29,109566893.58,12477.285,0.0271,0
2026-01-06T11:15:00,100000000.0,26745668.29,9940045.58,-406518.0,109521050.29,109533527.58,12477.285,0.0274,0
2026-01-06T11:20:00,100000000.0,26745668.29,9940045.58,-693879.0,109233689.29,109246166.58,12477.285,0.0299,0
2026-01-06T11:25:00,100000000.0,26745668.29,9940045.58,-1066017.0,108861551.29,108874028.58,12477.285,0.0333,0
2026-01-06T11:30:00,100000000.0,108390150.49,8390150.49,0,108390150.49,108390150.49,0.0,0.0374,0
2026-01-06T11:35:00,100000000.0,108390150.49,8390150.49,0,108390150.49,108390150.49,0.0,0.0374,0
2026-01-06T11:40:00,100000000.0,-1047062.63,8390150.49,0.0,108373737.37,108390150.49,16413.12,0.0376,0
2026-01-06T11:45:00,100000000.0,-1047062.63,8390150.49,-479208.0,107894529.37,107910942.49,16413.12,0.0418,0
2026-01-06T11:50:00,100000000.0,-1047062.63,8390150.49,197784.0,108571521.37,108587934.49,16413.12,0.0358,0
2026-01-06T11:55:00,100000000.0,-1047062.63,8390150.49,-145140.0,108228597.37,108245010.49,16413.12,0.0389,0
2026-01-06T12:00:00,100000000.0,-1047062.63,8390150.49,72816.0,108446553.37,108462966.49,16413.12,0.0369,0
2026-01-06T12:05:00,100000000.0,-1047062.63,8390150.49,391140.0,108764877.37,108781290.49,16413.12,0.0341,0
2026-01-06T12:10:00,100000000.0,-10890817.65,7625616.93,1001880.0,108916162.35,108627496.93,288665.415,0.0328,0
2026-01-06T12:15:00,100000000.0,-10890817.65,7625616.93,1268364.0,109182646.35,108893980.93,288665.415,0.0304,0
2026-01-06T12:20:00,100000000.0,-10890817.65,7625616.93,1686516.0,109600798.35,109312132.93,288665.415,0.0267,0
2026-01-06T12:25:00,100000000.0,-10890817.65,7625616.93,1032156.0,108946438.35,108657772.93,288665.415,0.0325,0
2026-01-06T12:30:00,100000000.0,-10890817.65,7625616.93,1338588.0,109252870.35,108964204.93,288665.415,0.0298,0
2026-01-06T12:35:00,100000000.0,-10890817.65,7625616.93,1684920.0,109599202.35,109310536.93,288665.415,0.0267,0
2026-01-06T12:40:00,100000000.0,-10890817.65,7625616.93,803928.0,108718210.35,108429544.93,288665.415,0.0345,0
2026-01-06T12:45:00,100000000.0,56203293.21,6895455.68,338100.0,107532393.21,107233555.68,298837.53,0.0451,0
2026-01-06T12:50:00,100000000.0,56203293.21,6895455.68,418140.0,107612433.21,107313595.68,298837.53,0.0443,0
2026-01-06T12:55:00,100000000.0,56203293.21,6895455.68,362940.0,107557233.21,107258395.68,298837.53,0.0448,0
2026-01-06T13:00:00,100000000.0,56203293.21,6895455.68,729330.0,107923623.21,107624785.68,298837.53,0.0416,0
2026-01-06T13:05:00,100000000.0,56203293.21,6895455.68,696900.0,107891193.21,107592355.68,298837.53,0.0419,0
2026-01-06T13:10:00,100000000.0,56203293.21,6895455.68,1144020.0,108338313.21,108039475.68,298837.53,0.0379,0
2026-01-06T13:15:00,100000000.0,56203293.21,6895455.68,979110.0,108173403.21,107874565.68,298837.53,0.0394,0
2026-01-06T13:20:00,100000000.0,56203293.21,6895455.68,692760.0,107887053.21,107588215.68,298837.53,0.0419,0
2026-01-06T13:25:00,100000000.0,56203293.21,6895455.68,557520.0,107751813.21,107452975.68,298837.53,0.0431,0
2026-01-06T13:30:00,100000000.0,107094860.76,7094860.76,0,107094860.76,107094860.76,0.0,0.0489,0
2026-01-06T13:35:00,100000000.0,107094860.76,7094860.76,0,107094860.76,107094860.76,0.0,0.0489,0
2026-01-06T13:40:00,100000000.0,107094860.76,7094860.76,0,107094860.76,107094860.76,0.0,0.0489,0
2026-01-06T13:45:00,100000000.0,107094860.76,7094860.76,0,107094860.76,107094860.76,0.0,0.0489,0
2026-01-06T13:50:00,100000000.0,107094860.76,7094860.76,0,107094860.76,107094860.76,0.0,0.0489,0
2026-01-06T13:55:00,100000000.0,107094860.76,7094860.76,0,107094860.76,107094860.76,0.0,0.0489,0
2026-01-06T14:00:00,100000000.0,107094860.76,7094860.76,0,107094860.76,107094860.76,0.0,0.0489,0
2026-01-06T14:05:00,100000000.0,107094860.76,7094860.76,0,107094860.76,107094860.76,0.0,0.0489,0
2026-01-06T14:10:00,100000000.0,107094860.76,7094860.76,0,107094860.76,107094860.76,0.0,0.0489,0
2026-01-06T14:15:00,100000000.0,107094860.76,7094860.76,0,107094860.76,107094860.76,0.0,0.0489,0
2026-01-06T14:20:00,100000000.0,107094860.76,7094860.76,0,107094860.76,107094860.76,0.0,0.0489,0
2026-01-06T14:25:00,100000000.0,107094860.76,7094860.76,0,107094860.76,107094860.76,0.0,0.0489,0
2026-01-06T14:30:00,100000000.0,107094860.76,7094860.76,0,107094860.76,107094860.76,0.0,0.0489,0
2026-01-06T14:35:00,100000000.0,107094860.76,7094860.76,0,107094860.76,107094860.76,0.0,0.0489,0
2026-01-06T14:40:00,100000000.0,107094860.76,7094860.76,0,107094860.76,107094860.76,0.0,0.0489,0
2026-01-06T14:45:00,100000000.0,107094860.76,7094860.76,0,107094860.76,107094860.76,0.0,0.0489,0
2026-01-06T14:50:00,100000000.0,107094860.76,7094860.76,0,107094860.76,107094860.76,0.0,0.0489,0
2026-01-06T14:55:00,100000000.0,107094860.76,7094860.76,0,107094860.76,107094860.76,0.0,0.0489,0
2026-01-06T15:00:00,100000000.0,107094860.76,7094860.76,0,107094860.76,107094860.76,0.0,0.0489,0
2026-01-06T15:05:00,100000000.0,107094860.76,7094860.76,0,107094860.76,107094860.76,0.0,0.0489,0
2026-01-06T15:10:00,100000000.0,107094860.76,7094860.76,0,107094860.76,107094860.76,0.0,0.0489,0
2026-01-06T15:15:00,100000000.0,107094860.76,7094860.76,0,107094860.76,107094860.76,0.0,0.0489,0
2026-01-06T15:20:00,100000000.0,107094860.76,7094860.76,0,107094860.76,107094860.76,0.0,0.0489,0
2026-01-06T15:25:00,100000000.0,107094860.76,7094860.76,0,107094860.76,107094860.76,0.0,0.0489,0
2026-01-06T15:30:00,100000000.0,107094860.76,7094860.76,0,107094860.76,107094860.76,0.0,0.0489,0
2026-01-07T09:00:00,100000000.0,26458267.08,7094860.76,0.0,107082767.08,107094860.76,12093.675,0.049,0
2026-01-07T09:05:00,100000000.0,26458267.08,7094860.76,895590.0,107978357.08,107990450.76,12093.675,0.0411,0
2026-01-07T09:10:00,100000000.0,26458267.08,7094860.76,1212310.0,108295077.08,108307170.76,12093.675,0.0383,0
2026-01-07T09:15:00,100000000.0,26458267.08,7094860.76,620600.0,107703367.08,107715460.76,12093.675,0.0435,0
2026-01-07T09:20:00,100000000.0,26458267.08,7094860.76,662330.0,107745097.08,107757190.76,12093.675,0.0432,0
2026-01-07T09:25:00,100000000.0,26458267.08,7094860.76,234330.0,107317097.08,107329190.76,12093.675,0.047,0
2026-01-07T09:30:00,100000000.0,26458267.08,7094860.76,689080.0,107771847.08,107783940.76,12093.675,0.0429,0
2026-01-07T09:35:00,100000000.0,26458267.08,7094860.76,576730.0,107659497.08,107671590.76,12093.675,0.0439,0
2026-01-07T09:40:00,100000000.0,26458267.08,7094860.76,595990.0,107678757.08,107690850.76,12093.675,0.0438,0
2026-01-07T09:45:00,100000000.0,26458267.08,7094860.76,826040.0,107908807.08,107920900.76,12093.675,0.0417,0
2026-01-07T09:50:00,100000000.0,50986343.88,7094860.76,1017000.0,108515843.88,108111860.76,403983.125,0.0363,0
2026-01-07T09:55:00,100000000.0,50986343.88,7094860.76,853500.0,108352343.88,107948360.76,403983.125,0.0378,0
2026-01-07T10:00:00,100000000.0,50986343.88,7094860.76,495000.0,107993843.88,107589860.76,403983.125,0.041,0
2026-01-07T10:05:00,100000000.0,-23553835.47,7094860.76,804750.0,108292414.53,107899610.76,392803.775,0.0383,0
2026-01-07T10:10:00,100000000.0,-23553835.47,7094860.76,1327720.0,108815384.53,108422580.76,392803.775,0.0337,0
2026-01-07T10:15:00,100000000.0,-23553835.47,7094860.76,2021450.0,109509114.53,109116310.76,392803.775,0.0275,0
2026-01-07T10:20:00,100000000.0,-23553835.47,7094860.76,1936680.0,109424344.53,109031540.76,392803.775,0.0283,0
2026-01-07T10:25:00,100000000.0,-23553835.47,7094860.76,2118330.0,109605994.53,109213190.76,392803.775,0.0266,0
2026-01-07T10:30:00,100000000.0,-23553835.47,7094860.76,1789630.0,109277294.53,108884490.76,392803.775,0.0296,0
2026-01-07T10:35:00,100000000.0,-23553835.47,7094860.76,2237700.0,109725364.53,109332560.76,392803.775,0.0256,0
2026-01-07T10:40:00,100000000.0,50976546.33,7085063.21,653250.0,108142296.33,107738313.21,403983.125,0.0396,0
2026-01-07T10:45:00,100000000.0,50976546.33,7085063.21,596250.0,108085296.33,107681313.21,403983.125,0.0401,0
2026-01-07T10:50:00,100000000.0,50976546.33,7085063.21,1185750.0,108674796.33,108270813.21,403983.125,0.0349,0
2026-01-07T10:55:00,100000000.0,13956494.16,7085063.21,1174500.0,108657994.16,108259563.21,398430.95,0.0351,0
2026-01-07T11:00:00,100000000.0,13956494.16,7085063.21,1736355.0,109219849.16,108821418.21,398430.95,0.0301,0
2026-01-07T11:05:00,100000000.0,13956494.16,7085063.21,1552990.0,109036484.16,108638053.21,398430.95,0.0317,0
2026-01-07T11:10:00,100000000.0,13956494.16,7085063.21,1692525.0,109176019.16,108777588.21,398430.95,0.0305,0
2026-01-07T11:15:00,100000000.0,31349711.12,7085063.21,1636169.0,109634480.12,108721232.21,913247.91,0.0264,0
2026-01-07T11:20:00,100000000.0,31349711.12,7085063.21,1827114.0,109825425.12,108912177.21,913247.91,0.0247,0
2026-01-07T11:25:00,100000000.0,31349711.12,7085063.21,2143620.0,110141931.12,109228683.21,913247.91,0.0219,0
2026-01-07T11:30:00,100000000.0,31349711.12,7085063.21,2152502.0,110150813.12,109237565.21,913247.91,0.0218,0
2026-01-07T11:35:00,100000000.0,31349711.12,7085063.21,2280351.0,110278662.12,109365414.21,913247.91,0.0207,0
2026-01-07T11:40:00,100000000.0,31349711.12,7085063.21,2478690.0,110477001.12,109563753.21,913247.91,0.0189,0
2026-01-07T11:45:00,100000000.0,31349711.12,7085063.21,2531474.0,110529785.12,109616537.21,913247.91,0.0184,0
2026-01-07T11:50:00,100000000.0,31349711.12,7085063.21,2467456.0,110465767.12,109552519.21,913247.91,0.019,0
2026-01-07T11:55:00,100000000.0,31349711.12,7085063.21,2324692.0,110323003.12,109409755.21,913247.91,0.0203,0
2026-01-07T12:00:00,100000000.0,31349711.12,7085063.21,2343118.0,110341429.12,109428181.21,913247.91,0.0201,0
2026-01-07T12:05:00,100000000.0,31349711.12,7085063.21,2274614.0,110272925.12,109359677.21,913247.91,0.0207,0
2026-01-07T12:10:00,100000000.0,31349711.12,7085063.21,2487024.0,110485335.12,109572087.21,913247.91,0.0188,0
2026-01-07T12:15:00,100000000.0,31349711.12,7085063.21,2688355.0,110686666.12,109773418.21,913247.91,0.017,0
2026-01-07T12:20:00,100000000.0,42601327.6,7085063.21,2714322.0,110880349.6,109799385.21,1080964.39,0.0153,0
2026-01-07T12:25:00,100000000.0,42601327.6,7085063.21,2742460.0,110908487.6,109827523.21,1080964.39,0.0151,0
2026-01-07T12:30:00,100000000.0,42601327.6,7085063.21,2681934.0,110847961.6,109766997.21,1080964.39,0.0156,0
2026-01-07T12:35:00,100000000.0,42601327.6,7085063.21,2638644.0,110804671.6,109723707.21,1080964.39,0.016,0
2026-01-07T12:40:00,100000000.0,42601327.6,7085063.21,2767364.0,110933391.6,109852427.21,1080964.39,0.0149,0
2026-01-07T12:45:00,100000000.0,42601327.6,7085063.21,2913148.0,111079175.6,109998211.21,1080964.39,0.0136,0
2026-01-07T12:50:00,100000000.0,50603692.5,7085063.21,2981240.0,111378632.5,110066303.21,1312329.29,0.0109,0
2026-01-07T12:55:00,100000000.0,50603692.5,7085063.21,3141674.0,111539066.5,110226737.21,1312329.29,0.0095,0
2026-01-07T13:00:00,100000000.0,50603692.5,7085063.21,2610378.0,111007770.5,109695441.21,1312329.29,0.0142,0
2026-01-07T13:05:00,100000000.0,50603692.5,7085063.21,2800474.0,111197866.5,109885537.21,1312329.29,0.0125,0
2026-01-07T13:10:00,100000000.0,3823576.53,7085063.21,2731636.0,111122012.53,109816699.21,1305313.325,0.0132,0
2026-01-07T13:15:00,100000000.0,3823576.53,7085063.21,2405429.0,110795805.53,109490492.21,1305313.325,0.0161,0
2026-01-07T13:20:00,100000000.0,3823576.53,7085063.21,2569222.0,110959598.53,109654285.21,1305313.325,0.0146,0
2026-01-07T13:25:00,100000000.0,3823576.53,7085063.21,3000058.0,111390434.53,110085121.21,1305313.325,0.0108,0
2026-01-07T13:30:00,100000000.0,17981714.22,7085063.21,3387648.0,111916862.22,110472711.21,1444151.015,0.0061,0
2026-01-07T13:35:00,100000000.0,17981714.22,7085063.21,3446218.0,111975432.22,110531281.21,1444151.015,0.0056,0
2026-01-07T13:40:00,100000000.0,17981714.22,7085063.21,2928838.0,111458052.22,110013901.21,1444151.015,0.0102,0
2026-01-07T13:45:00,100000000.0,18293088.26,7153015.02,2603804.0,111064292.26,109756819.02,1307473.235,0.0137,0
2026-01-07T13:50:00,100000000.0,18293088.26,7153015.02,2519724.0,110980212.26,109672739.02,1307473.235,0.0144,0
2026-01-07T13:55:00,100000000.0,18293088.26,7153015.02,3133510.0,111593998.26,110286525.02,1307473.235,0.009,0
2026-01-07T14:00:00,100000000.0,18293088.26,7153015.02,2757452.0,111217940.26,109910467.02,1307473.235,0.0123,0
2026-01-07T14:05:00,100000000.0,18293088.26,7153015.02,2969457.0,111429945.26,110122472.02,1307473.235,0.0104,0
2026-01-07T14:10:00,100000000.0,18293088.26,7153015.02,3310622.0,111771110.26,110463637.02,1307473.235,0.0074,0
2026-01-07T14:15:00,100000000.0,18293088.26,7153015.02,2880415.0,111340903.26,110033430.02,1307473.235,0.0112,0
2026-01-07T14:20:00,100000000.0,14064369.38,6899692.37,3091062.0,111297631.38,109990754.37,1306877.015,0.0116,0
2026-01-07T14:25:00,100000000.0,14064369.38,6899692.37,3362223.0,111568792.38,110261915.37,1306877.015,0.0092,0
2026-01-07T14:30:00,100000000.0,14064369.38,6899692.37,3402336.0,111608905.38,110302028.37,1306877.015,0.0089,0
2026-01-07T14:35:00,100000000.0,14064369.38,6899692.37,3154149.0,111360718.38,110053841.37,1306877.015,0.0111,0
2026-01-07T14:40:00,100000000.0,25025353.7,6899692.37,3143532.0,111432685.7,110043224.37,1389461.335,0.0104,0
2026-01-07T14:45:00,100000000.0,25025353.7,6899692.37,3340509.0,111629662.7,110240201.37,1389461.335,0.0087,0
2026-01-07T14:50:00,100000000.0,25025353.7,6899692.37,3387437.0,111676590.7,110287129.37,1389461.335,0.0083,0
2026-01-07T14:55:00,100000000.0,25025353.7,6899692.37,3533820.0,111822973.7,110433512.37,1389461.335,0.007,0
2026-01-07T15:00:00,100000000.0,50445787.01,6927157.72,3169704.0,111409191.01,110096861.72,1312329.29,0.0106,0
2026-01-07T15:05:00,100000000.0,50445787.01,6927157.72,2987148.0,111226635.01,109914305.72,1312329.29,0.0122,0
2026-01-07T15:10:00,100000000.0,69212520.38,7927820.29,2270216.0,111116836.38,110198036.29,918800.085,0.0132,0
2026-01-07T15:15:00,100000000.0,69212520.38,7927820.29,2030360.0,110876980.38,109958180.29,918800.085,0.0154,0
2026-01-07T15:20:00,100000000.0,110737987.51,10737987.51,0,110737987.51,110737987.51,0.0,0.0166,0
2026-01-07T15:25:00,100000000.0,110737987.51,10737987.51,0,110737987.51,110737987.51,0.0,0.0166,0
2026-01-07T15:30:00,100000000.0,110737987.51,10737987.51,0,110737987.51,110737987.51,0.0,0.0166,0
2026-01-08T09:00:00,100000000.0,110737987.51,10737987.51,0,110737987.51,110737987.51,0.0,0.0166,0
2026-01-08T09:05:00,100000000.0,110737987.51,10737987.51,0,110737987.51,110737987.51,0.0,0.0166,0
2026-01-08T09:10:00,100000000.0,74056486.11,10737987.51,0.0,110732486.11,110737987.51,5501.4,0.0166,0
2026-01-08T09:15:00,100000000.0,74056486.11,10737987.51,436652.0,111169138.11,111174639.51,5501.4,0.0128,0
2026-01-08T09:20:00,100000000.0,74056486.11,10737987.51,640792.0,111373278.11,111378779.51,5501.4,0.0109,0
2026-01-08T09:25:00,100000000.0,74056486.11,10737987.51,586816.0,111319302.11,111324803.51,5501.4,0.0114,0
2026-01-08T09:30:00,100000000.0,74056486.11,10737987.51,515540.0,111248026.11,111253527.51,5501.4,0.0121,0
2026-01-08T09:35:00,100000000.0,74056486.11,10737987.51,426272.0,111158758.11,111164259.51,5501.4,0.0129,0
2026-01-08T09:40:00,100000000.0,31545310.39,10737987.51,474712.0,111200822.39,111212699.51,11877.12,0.0125,0
2026-01-08T09:45:00,100000000.0,31545310.39,10737987.51,245910.0,110972020.39,110983897.51,11877.12,0.0145,0
2026-01-08T09:50:00,100000000.0,55607497.45,10737987.51,948912.0,112063009.45,111686899.51,376109.94,0.0048,0
2026-01-08T09:55:00,100000000.0,55607497.45,10737987.51,1104021.0,112218118.45,111842008.51,376109.94,0.0034,0
2026-01-08T10:00:00,100000000.0,55607497.45,10737987.51,1450674.0,112564771.45,112188661.51,376109.94,0.0004,0
2026-01-08T10:05:00,100000000.0,55607497.45,10737987.51,1234146.0,112348243.45,111972133.51,376109.94,0.0023,0
2026-01-08T10:10:00,100000000.0,17342758.6,10737987.51,1294524.0,112402882.6,112032511.51,370371.09,0.0018,0
2026-01-08T10:15:00,100000000.0,17342758.6,10737987.51,1180839.0,112289197.6,111918826.51,370371.09,0.0028,0
2026-01-08T10:20:00,100000000.0,17342758.6,10737987.51,964707.0,112073065.6,111702694.51,370371.09,0.0047,0
2026-01-08T10:25:00,100000000.0,17342758.6,10737987.51,429606.0,111537964.6,111167593.51,370371.09,0.0095,0
2026-01-08T10:30:00,100000000.0,110773911.88,10773911.88,0,110773911.88,110773911.88,0.0,0.0163,0
2026-01-08T10:35:00,100000000.0,68290840.38,10773911.88,0.0,110767540.38,110773911.88,6371.505,0.0163,0
2026-01-08T10:40:00,100000000.0,81111191.85,10773911.88,184482.0,111045473.85,110958393.88,87079.965,0.0139,0
2026-01-08T10:45:00,100000000.0,34262165.55,10773911.88,149580.0,111003545.55,110923491.88,80053.665,0.0142,0
2026-01-08T10:50:00,100000000.0,-26515170.76,10773911.88,292843.0,111091572.24,111066754.88,24817.3575,0.0134,0
2026-01-08T10:55:00,100000000.0,6210289.91,10658926.15,328620.0,111063409.91,110987546.15,75863.76,0.0137,0
2026-01-08T11:00:00,100000000.0,6210289.91,10658926.15,470240.0,111205029.91,111129166.15,75863.76,0.0124,0
2026-01-08T11:05:00,100000000.0,6210289.91,10658926.15,165660.0,110900449.91,110824586.15,75863.76,0.0151,0
2026-01-08T11:10:00,100000000.0,6210289.91,10658926.15,390700.0,111125489.91,111049626.15,75863.76,0.0131,0
2026-01-08T11:15:00,100000000.0,6210289.91,10658926.15,798100.0,111532889.91,111457026.15,75863.76,0.0095,0
2026-01-08T11:20:00,100000000.0,6210289.91,10658926.15,1418900.0,112153689.91,112077826.15,75863.76,0.004,0
2026-01-08T11:25:00,100000000.0,37973630.38,10658926.15,1285640.0,112534270.38,111944566.15,589704.23,0.0006,0
2026-01-08T11:30:00,100000000.0,37973630.38,10658926.15,650520.0,111899150.38,111309446.15,589704.23,0.0063,0
2026-01-08T11:35:00,100000000.0,37973630.38,10658926.15,1085720.0,112334350.38,111744646.15,589704.23,0.0024,0
2026-01-08T11:40:00,100000000.0,37973630.38,10658926.15,861320.0,112109950.38,111520246.15,589704.23,0.0044,0
2026-01-08T11:45:00,100000000.0,37973630.38,10658926.15,1096600.0,112345230.38,111755526.15,589704.23,0.0023,0
2026-01-08T11:50:00,100000000.0,37973630.38,10658926.15,1507320.0,112755950.38,112166246.15,589704.23,0.0,0
2026-01-08T11:55:00,100000000.0,37973630.38,10658926.15,915720.0,112164350.38,111574646.15,589704.23,0.0052,0
2026-01-08T12:00:00,100000000.0,37973630.38,10658926.15,868120.0,112116750.38,111527046.15,589704.23,0.0057,0
2026-01-08T12:05:00,100000000.0,37973630.38,10658926.15,1077560.0,112326190.38,111736486.15,589704.23,0.0038,0
2026-01-08T12:10:00,100000000.0,37973630.38,10658926.15,1299240.0,112547870.38,111958166.15,589704.23,0.0018,0
2026-01-08T12:15:00,100000000.0,37973630.38,10658926.15,1008200.0,112256830.38,111667126.15,589704.23,0.0044,0
2026-01-08T12:20:00,100000000.0,37973630.38,10658926.15,646440.0,111895070.38,111305366.15,589704.23,0.0076,0
2026-01-08T12:25:00,100000000.0,37973630.38,10658926.15,673640.0,111922270.38,111332566.15,589704.23,0.0074,0
2026-01-08T12:30:00,100000000.0,111105744.13,11105744.13,0,111105744.13,111105744.13,0.0,0.0146,0
2026-01-08T12:35:00,100000000.0,111105744.13,11105744.13,0,111105744.13,111105744.13,0.0,0.0146,0
2026-01-08T12:40:00,100000000.0,111105744.13,11105744.13,0,111105744.13,111105744.13,0.0,0.0146,0
2026-01-08T12:45:00,100000000.0,111105744.13,11105744.13,0,111105744.13,111105744.13,0.0,0.0146,0
2026-01-08T12:50:00,100000000.0,111105744.13,11105744.13,0,111105744.13,111105744.13,0.0,0.0146,0
2026-01-08T12:55:00,100000000.0,111105744.13,11105744.13,0,111105744.13,111105744.13,0.0,0.0146,0
2026-01-08T13:00:00,100000000.0,111105744.13,11105744.13,0,111105744.13,111105744.13,0.0,0.0146,0
2026-01-08T13:05:00,100000000.0,111105744.13,11105744.13,0,111105744.13,111105744.13,0.0,0.0146,0
2026-01-08T13:10:00,100000000.0,111105744.13,11105744.13,0,111105744.13,111105744.13,0.0,0.0146,0
2026-01-08T13:15:00,100000000.0,111105744.13,11105744.13,0,111105744.13,111105744.13,0.0,0.0146,0
2026-01-08T13:20:00,100000000.0,111105744.13,11105744.13,0,111105744.13,111105744.13,0.0,0.0146,0
2026-01-08T13:25:00,100000000.0,111105744.13,11105744.13,0,111105744.13,111105744.13,0.0,0.0146,0
2026-01-08T13:30:00,100000000.0,111105744.13,11105744.13,0,111105744.13,111105744.13,0.0,0.0146,0
2026-01-08T13:35:00,100000000.0,111105744.13,11105744.13,0,111105744.13,111105744.13,0.0,0.0146,0
2026-01-08T13:40:00,100000000.0,111105744.13,11105744.13,0,111105744.13,111105744.13,0.0,0.0146,0
2026-01-08T13:45:00,100000000.0,111105744.13,11105744.13,0,111105744.13,111105744.13,0.0,0.0146,0
2026-01-08T13:50:00,100000000.0,111105744.13,11105744.13,0,111105744.13,111105744.13,0.0,0.0146,0
2026-01-08T13:55:00,100000000.0,111105744.13,11105744.13,0,111105744.13,111105744.13,0.0,0.0146,0
2026-01-08T14:00:00,100000000.0,111105744.13,11105744.13,0,111105744.13,111105744.13,0.0,0.0146,0
2026-01-08T14:05:00,100000000.0,111105744.13,11105744.13,0,111105744.13,111105744.13,0.0,0.0146,0
2026-01-08T14:10:00,100000000.0,111105744.13,11105744.13,0,111105744.13,111105744.13,0.0,0.0146,0
2026-01-08T14:15:00,100000000.0,111105744.13,11105744.13,0,111105744.13,111105744.13,0.0,0.0146,0
2026-01-08T14:20:00,100000000.0,111105744.13,11105744.13,0,111105744.13,111105744.13,0.0,0.0146,0
2026-01-08T14:25:00,100000000.0,111105744.13,11105744.13,0,111105744.13,111105744.13,0.0,0.0146,0
2026-01-08T14:30:00,100000000.0,111105744.13,11105744.13,0,111105744.13,111105744.13,0.0,0.0146,0
2026-01-08T14:35:00,100000000.0,111105744.13,11105744.13,0,111105744.13,111105744.13,0.0,0.0146,0
2026-01-08T14:40:00,100000000.0,111105744.13,11105744.13,0,111105744.13,111105744.13,0.0,0.0146,0
2026-01-08T14:45:00,100000000.0,111105744.13,11105744.13,0,111105744.13,111105744.13,0.0,0.0146,0
2026-01-08T14:50:00,100000000.0,111105744.13,11105744.13,0,111105744.13,111105744.13,0.0,0.0146,0
2026-01-08T14:55:00,100000000.0,71833604.19,11105744.13,0.0,111099854.19,111105744.13,5889.9375,0.0147,0
2026-01-08T15:00:00,100000000.0,71833604.19,11105744.13,-271950.0,110827904.19,110833794.13,5889.9375,0.0171,0
2026-01-08T15:05:00,100000000.0,71833604.19,11105744.13,-180375.0,110919479.19,110925369.13,5889.9375,0.0163,0
2026-01-08T15:10:00,100000000.0,71833604.19,11105744.13,73075.0,111172929.19,111178819.13,5889.9375,0.014,0
2026-01-08T15:15:00,100000000.0,110792485.94,10792485.94,0,110792485.94,110792485.94,0.0,0.0174,0
2026-01-08T15:20:00,100000000.0,110792485.94,10792485.94,0,110792485.94,110792485.94,0.0,0.0174,0
2026-01-08T15:25:00,100000000.0,110792485.94,10792485.94,0,110792485.94,110792485.94,0.0,0.0174,0
2026-01-08T15:30:00,100000000.0,110792485.94,10792485.94,0,110792485.94,110792485.94,0.0,0.0174,0
2026-01-09T09:00:00,100000000.0,110792485.94,10792485.94,0,110792485.94,110792485.94,0.0,0.0174,0
2026-01-09T09:05:00,100000000.0,110792485.94,10792485.94,0,110792485.94,110792485.94,0.0,0.0174,0
2026-01-09T09:10:00,100000000.0,110792485.94,10792485.94,0,110792485.94,110792485.94,0.0,0.0174,0
2026-01-09T09:15:00,100000000.0,25889652.43,10792485.94,0.0,110779752.43,110792485.94,12733.515,0.0175,0
2026-01-09T09:20:00,100000000.0,51600019.26,10792485.94,556950.0,111588469.26,111349435.94,239033.315,0.0104,0
2026-01-09T09:25:00,100000000.0,51600019.26,10792485.94,726150.0,111757669.26,111518635.94,239033.315,0.0089,0
2026-01-09T09:30:00,100000000.0,51600019.26,10792485.94,982770.0,112014289.26,111775255.94,239033.315,0.0066,0
2026-01-09T09:35:00,100000000.0,51600019.26,10792485.94,881250.0,111912769.26,111673735.94,239033.315,0.0075,0
2026-01-09T09:40:00,100000000.0,51600019.26,10792485.94,898170.0,111929689.26,111690655.94,239033.315,0.0073,0
2026-01-09T09:45:00,100000000.0,51600019.26,10792485.94,857280.0,111888799.26,111649765.94,239033.315,0.0077,0
2026-01-09T09:50:00,100000000.0,51600019.26,10792485.94,738840.0,111770359.26,111531325.94,239033.315,0.0087,0
2026-01-09T09:55:00,100000000.0,51600019.26,10792485.94,951750.0,111983269.26,111744235.94,239033.315,0.0069,0
2026-01-09T10:00:00,100000000.0,51600019.26,10792485.94,964440.0,111995959.26,111756925.94,239033.315,0.0067,0
2026-01-09T10:05:00,100000000.0,51600019.26,10792485.94,1173120.0,112204639.26,111965605.94,239033.315,0.0049,0
2026-01-09T10:10:00,100000000.0,51600019.26,10792485.94,860100.0,111891619.26,111652585.94,239033.315,0.0077,0
2026-01-09T10:15:00,100000000.0,51600019.26,10792485.94,1222470.0,112253989.26,112014955.94,239033.315,0.0045,0
2026-01-09T10:20:00,100000000.0,69773811.12,10792485.94,1140152.0,112558163.12,111932637.94,625525.18,0.0018,0
2026-01-09T10:25:00,100000000.0,69773811.12,10792485.94,1497808.0,112915819.12,112290293.94,625525.18,0.0,0
2026-01-09T10:30:00,100000000.0,69773811.12,10792485.94,1421732.0,112839743.12,112214217.94,625525.18,0.0007,0
2026-01-09T10:35:00,100000000.0,69773811.12,10792485.94,1703312.0,113121323.12,112495797.94,625525.18,0.0,0
2026-01-09T10:40:00,100000000.0,69773811.12,10792485.94,1578824.0,112996835.12,112371309.94,625525.18,0.0011,0
2026-01-09T10:45:00,100000000.0,69773811.12,10792485.94,1489904.0,112907915.12,112282389.94,625525.18,0.0019,0
2026-01-09T10:50:00,100000000.0,69773811.12,10792485.94,1828788.0,113246799.12,112621273.94,625525.18,0.0,0
2026-01-09T10:55:00,100000000.0,69773811.12,10792485.94,1700348.0,113118359.12,112492833.94,625525.18,0.0011,0
2026-01-09T11:00:00,100000000.0,69773811.12,10792485.94,1845584.0,113263595.12,112638069.94,625525.18,0.0,0
2026-01-09T11:05:00,100000000.0,69773811.12,10792485.94,1595620.0,113013631.12,112388105.94,625525.18,0.0022,0
2026-01-09T11:10:00,100000000.0,69773811.12,10792485.94,1782352.0,113200363.12,112574837.94,625525.18,0.0006,0
2026-01-09T11:15:00,100000000.0,69773811.12,10792485.94,1900912.0,113318923.12,112693397.94,625525.18,0.0,0
2026-01-09T11:20:00,100000000.0,69773811.12,10792485.94,1774448.0,113192459.12,112566933.94,625525.18,0.0011,0
2026-01-09T11:25:00,100000000.0,69773811.12,10792485.94,2145936.0,113563947.12,112938421.94,625525.18,0.0,0
2026-01-09T11:30:00,100000000.0,69773811.12,10792485.94,2187432.0,113605443.12,112979917.94,625525.18,0.0,0
2026-01-09T11:35:00,100000000.0,69773811.12,10792485.94,2351440.0,113769451.12,113143925.94,625525.18,0.0,0
2026-01-09T11:40:00,100000000.0,69773811.12,10792485.94,2371200.0,113789211.12,113163685.94,625525.18,0.0,0
2026-01-09T11:45:00,100000000.0,69773811.12,10792485.94,2681432.0,114099443.12,113473917.94,625525.18,0.0,0
2026-01-09T11:50:00,100000000.0,69773811.12,10792485.94,2476916.0,113894927.12,113269401.94,625525.18,0.0018,0
2026-01-09T11:55:00,100000000.0,69773811.12,10792485.94,2666612.0,114084623.12,113459097.94,625525.18,0.0001,0
2026-01-09T12:00:00,100000000.0,69773811.12,10792485.94,2916576.0,114334587.12,113709061.94,625525.18,0.0,0
2026-01-09T12:05:00,100000000.0,69773811.12,10792485.94,2931396.0,114349407.12,113723881.94,625525.18,0.0,0
2026-01-09T12:10:00,100000000.0,69773811.12,10792485.94,3088488.0,114506499.12,113880973.94,625525.18,0.0,0
2026-01-09T12:15:00,100000000.0,69773811.12,10792485.94,3046992.0,114465003.12,113839477.94,625525.18,0.0004,0
2026-01-09T12:20:00,100000000.0,69773811.12,10792485.94,2828644.0,114246655.12,113621129.94,625525.18,0.0023,0
2026-01-09T12:25:00,100000000.0,69773811.12,10792485.94,2725892.0,114143903.12,113518377.94,625525.18,0.0032,0
2026-01-09T12:30:00,100000000.0,69773811.12,10792485.94,2712060.0,114130071.12,113504545.94,625525.18,0.0033,0
2026-01-09T12:35:00,100000000.0,69773811.12,10792485.94,2603380.0,114021391.12,113395865.94,625525.18,0.0042,0
2026-01-09T12:40:00,100000000.0,69773811.12,10792485.94,2462096.0,113880107.12,113254581.94,625525.18,0.0055,0
2026-01-09T12:45:00,100000000.0,69773811.12,10792485.94,2558920.0,113976931.12,113351405.94,625525.18,0.0046,0
2026-01-09T12:50:00,100000000.0,69773811.12,10792485.94,2807896.0,114225907.12,113600381.94,625525.18,0.0025,0
2026-01-09T12:55:00,100000000.0,69773811.12,10792485.94,2801968.0,114219979.12,113594453.94,625525.18,0.0025,0
2026-01-09T13:00:00,100000000.0,69773811.12,10792485.94,2905708.0,114323719.12,113698193.94,625525.18,0.0016,0
2026-01-09T13:05:00,100000000.0,69773811.12,10792485.94,3254472.0,114672483.12,114046957.94,625525.18,0.0,0
2026-01-09T13:10:00,100000000.0,69773811.12,10792485.94,3122080.0,114540091.12,113914565.94,625525.18,0.0012,0
2026-01-09T13:15:00,100000000.0,69773811.12,10792485.94,3076632.0,114494643.12,113869117.94,625525.18,0.0016,0
2026-01-09T13:20:00,100000000.0,69773811.12,10792485.94,2995616.0,114413627.12,113788101.94,625525.18,0.0023,0
2026-01-09T13:25:00,100000000.0,69773811.12,10792485.94,3244592.0,114662603.12,114037077.94,625525.18,0.0001,0
2026-01-09T13:30:00,100000000.0,69773811.12,10792485.94,3165552.0,114583563.12,113958037.94,625525.18,0.0008,0
2026-01-09T13:35:00,100000000.0,69773811.12,10792485.94,3399708.0,114817719.12,114192193.94,625525.18,0.0,0
2026-01-09T13:40:00,100000000.0,69773811.12,10792485.94,3369080.0,114787091.12,114161565.94,625525.18,0.0003,0
2026-01-09T13:45:00,100000000.0,69773811.12,10792485.94,3469856.0,114887867.12,114262341.94,625525.18,0.0,0
2026-01-09T13:50:00,100000000.0,69773811.12,10792485.94,3494556.0,114912567.12,114287041.94,625525.18,0.0,0
2026-01-09T13:55:00,100000000.0,69773811.12,10792485.94,3488628.0,114906639.12,114281113.94,625525.18,0.0001,0
2026-01-09T14:00:00,100000000.0,69773811.12,10792485.94,3318692.0,114736703.12,114111177.94,625525.18,0.0015,0
2026-01-09T14:05:00,100000000.0,69773811.12,10792485.94,3272256.0,114690267.12,114064741.94,625525.18,0.0019,0
2026-01-09T14:10:00,100000000.0,69773811.12,10792485.94,3164564.0,114582575.12,113957049.94,625525.18,0.0029,0
2026-01-09T14:15:00,100000000.0,69773811.12,10792485.94,3504436.0,114922447.12,114296921.94,625525.18,0.0,0
2026-01-09T14:20:00,100000000.0,69773811.12,10792485.94,3601260.0,115019271.12,114393745.94,625525.18,0.0,0
2026-01-09T14:25:00,100000000.0,69773811.12,10792485.94,3638804.0,115056815.12,114431289.94,625525.18,0.0,0
2026-01-09T14:30:00,100000000.0,69773811.12,10792485.94,3668444.0,115086455.12,114460929.94,625525.18,0.0,0
2026-01-09T14:35:00,100000000.0,69773811.12,10792485.94,3320668.0,114738679.12,114113153.94,625525.18,0.003,0
2026-01-09T14:40:00,100000000.0,69773811.12,10792485.94,3275220.0,114693231.12,114067705.94,625525.18,0.0034,0
2026-01-09T14:45:00,100000000.0,69773811.12,10792485.94,3443180.0,114861191.12,114235665.94,625525.18,0.002,0
2026-01-09T14:50:00,100000000.0,69773811.12,10792485.94,3346356.0,114764367.12,114138841.94,625525.18,0.0028,0
2026-01-09T14:55:00,100000000.0,69773811.12,10792485.94,3794908.0,115212919.12,114587393.94,625525.18,0.0,0
2026-01-09T15:00:00,100000000.0,69773811.12,10792485.94,4080440.0,115498451.12,114872925.94,625525.18,0.0,0
2026-01-09T15:05:00,100000000.0,69773811.12,10792485.94,3876912.0,115294923.12,114669397.94,625525.18,0.0018,0
2026-01-09T15:10:00,100000000.0,69773811.12,10792485.94,3597308.0,115015319.12,114389793.94,625525.18,0.0042,0
2026-01-09T15:15:00,100000000.0,69773811.12,10792485.94,3569644.0,114987655.12,114362129.94,625525.18,0.0044,0
2026-01-09T15:20:00,100000000.0,114886669.17,14886669.17,0,114886669.17,114886669.17,0.0,0.0053,0
2026-01-09T15:25:00,100000000.0,114886669.17,14886669.17,0,114886669.17,114886669.17,0.0,0.0053,0
2026-01-09T15:30:00,100000000.0,114886669.17,14886669.17,0,114886669.17,114886669.17,0.0,0.0053,0
2026-01-12T09:00:00,100000000.0,114886669.17,14886669.17,0,114886669.17,114886669.17,0.0,0.0053,0
2026-01-12T09:05:00,100000000.0,114886669.17,14886669.17,0,114886669.17,114886669.17,0.0,0.0053,0
2026-01-12T09:10:00,100000000.0,114886669.17,14886669.17,0,114886669.17,114886669.17,0.0,0.0053,0
2026-01-12T09:15:00,100000000.0,114886669.17,14886669.17,0,114886669.17,114886669.17,0.0,0.0053,0
2026-01-12T09:20:00,100000000.0,114886669.17,14886669.17,0,114886669.17,114886669.17,0.0,0.0053,0
2026-01-12T09:25:00,100000000.0,114886669.17,14886669.17,0,114886669.17,114886669.17,0.0,0.0053,0
2026-01-12T09:30:00,100000000.0,114886669.17,14886669.17,0,114886669.17,114886669.17,0.0,0.0053,0
2026-01-12T09:35:00,100000000.0,114886669.17,14886669.17,0,114886669.17,114886669.17,0.0,0.0053,0
2026-01-12T09:40:00,100000000.0,114886669.17,14886669.17,0,114886669.17,114886669.17,0.0,0.0053,0
2026-01-12T09:45:00,100000000.0,114886669.17,14886669.17,0,114886669.17,114886669.17,0.0,0.0053,0
2026-01-12T09:50:00,100000000.0,114886669.17,14886669.17,0,114886669.17,114886669.17,0.0,0.0053,0
2026-01-12T09:55:00,100000000.0,114886669.17,14886669.17,0,114886669.17,114886669.17,0.0,0.0053,0
2026-01-12T10:00:00,100000000.0,114886669.17,14886669.17,0,114886669.17,114886669.17,0.0,0.0053,0
2026-01-12T10:05:00,100000000.0,114886669.17,14886669.17,0,114886669.17,114886669.17,0.0,0.0053,0
2026-01-12T10:10:00,100000000.0,114886669.17,14886669.17,0,114886669.17,114886669.17,0.0,0.0053,0
2026-01-12T10:15:00,100000000.0,114886669.17,14886669.17,0,114886669.17,114886669.17,0.0,0.0053,0
2026-01-12T10:20:00,100000000.0,114886669.17,14886669.17,0,114886669.17,114886669.17,0.0,0.0053,0
2026-01-12T10:25:00,100000000.0,114886669.17,14886669.17,0,114886669.17,114886669.17,0.0,0.0053,0
2026-01-12T10:30:00,100000000.0,114886669.17,14886669.17,0,114886669.17,114886669.17,0.0,0.0053,0
2026-01-12T10:35:00,100000000.0,114886669.17,14886669.17,0,114886669.17,114886669.17,0.0,0.0053,0
2026-01-12T10:40:00,100000000.0,114886669.17,14886669.17,0,114886669.17,114886669.17,0.0,0.0053,0
2026-01-12T10:45:00,100000000.0,114886669.17,14886669.17,0,114886669.17,114886669.17,0.0,0.0053,0
2026-01-12T10:50:00,100000000.0,114886669.17,14886669.17,0,114886669.17,114886669.17,0.0,0.0053,0
2026-01-12T10:55:00,100000000.0,114886669.17,14886669.17,0,114886669.17,114886669.17,0.0,0.0053,0
2026-01-12T11:00:00,100000000.0,114886669.17,14886669.17,0,114886669.17,114886669.17,0.0,0.0053,0
2026-01-12T11:05:00,100000000.0,114886669.17,14886669.17,0,114886669.17,114886669.17,0.0,0.0053,0
2026-01-12T11:10:00,100000000.0,114886669.17,14886669.17,0,114886669.17,114886669.17,0.0,0.0053,0
2026-01-12T11:15:00,100000000.0,114886669.17,14886669.17,0,114886669.17,114886669.17,0.0,0.0053,0
2026-01-12T11:20:00,100000000.0,114886669.17,14886669.17,0,114886669.17,114886669.17,0.0,0.0053,0
2026-01-12T11:25:00,100000000.0,114886669.17,14886669.17,0,114886669.17,114886669.17,0.0,0.0053,0
2026-01-12T11:30:00,100000000.0,114886669.17,14886669.17,0,114886669.17,114886669.17,0.0,0.0053,0
2026-01-12T11:35:00,100000000.0,114886669.17,14886669.17,0,114886669.17,114886669.17,0.0,0.0053,0
2026-01-12T11:40:00,100000000.0,114886669.17,14886669.17,0,114886669.17,114886669.17,0.0,0.0053,0
2026-01-12T11:45:00,100000000.0,114886669.17,14886669.17,0,114886669.17,114886669.17,0.0,0.0053,0
2026-01-12T11:50:00,100000000.0,114886669.17,14886669.17,0,114886669.17,114886669.17,0.0,0.0053,0
2026-01-12T11:55:00,100000000.0,114886669.17,14886669.17,0,114886669.17,114886669.17,0.0,0.0053,0
2026-01-12T12:00:00,100000000.0,114886669.17,14886669.17,0,114886669.17,114886669.17,0.0,0.0053,0
2026-01-12T12:05:00,100000000.0,114886669.17,14886669.17,0,114886669.17,114886669.17,0.0,0.0053,0
2026-01-12T12:10:00,100000000.0,114886669.17,14886669.17,0,114886669.17,114886669.17,0.0,0.0053,0
2026-01-12T12:15:00,100000000.0,114886669.17,14886669.17,0,114886669.17,114886669.17,0.0,0.0053,0
2026-01-12T12:20:00,100000000.0,114886669.17,14886669.17,0,114886669.17,114886669.17,0.0,0.0053,0
2026-01-12T12:25:00,100000000.0,114886669.17,14886669.17,0,114886669.17,114886669.17,0.0,0.0053,0
2026-01-12T12:30:00,100000000.0,114886669.17,14886669.17,0,114886669.17,114886669.17,0.0,0.0053,0
2026-01-12T12:35:00,100000000.0,114886669.17,14886669.17,0,114886669.17,114886669.17,0.0,0.0053,0
2026-01-12T12:40:00,100000000.0,114886669.17,14886669.17,0,114886669.17,114886669.17,0.0,0.0053,0
2026-01-12T12:45:00,100000000.0,114886669.17,14886669.17,0,114886669.17,114886669.17,0.0,0.0053,0
2026-01-12T12:50:00,100000000.0,114886669.17,14886669.17,0,114886669.17,114886669.17,0.0,0.0053,0
2026-01-12T12:55:00,100000000.0,114886669.17,14886669.17,0,114886669.17,114886669.17,0.0,0.0053,0
2026-01-12T13:00:00,100000000.0,114886669.17,14886669.17,0,114886669.17,114886669.17,0.0,0.0053,0
2026-01-12T13:05:00,100000000.0,114886669.17,14886669.17,0,114886669.17,114886669.17,0.0,0.0053,0
2026-01-12T13:10:00,100000000.0,114886669.17,14886669.17,0,114886669.17,114886669.17,0.0,0.0053,0
2026-01-12T13:15:00,100000000.0,114886669.17,14886669.17,0,114886669.17,114886669.17,0.0,0.0053,0
2026-01-12T13:20:00,100000000.0,114886669.17,14886669.17,0,114886669.17,114886669.17,0.0,0.0053,0
2026-01-12T13:25:00,100000000.0,114886669.17,14886669.17,0,114886669.17,114886669.17,0.0,0.0053,0
2026-01-12T13:30:00,100000000.0,114886669.17,14886669.17,0,114886669.17,114886669.17,0.0,0.0053,0
2026-01-12T13:35:00,100000000.0,114886669.17,14886669.17,0,114886669.17,114886669.17,0.0,0.0053,0
2026-01-12T13:40:00,100000000.0,114886669.17,14886669.17,0,114886669.17,114886669.17,0.0,0.0053,0
2026-01-12T13:45:00,100000000.0,114886669.17,14886669.17,0,114886669.17,114886669.17,0.0,0.0053,0
2026-01-12T13:50:00,100000000.0,114886669.17,14886669.17,0,114886669.17,114886669.17,0.0,0.0053,0
2026-01-12T13:55:00,100000000.0,114886669.17,14886669.17,0,114886669.17,114886669.17,0.0,0.0053,0
2026-01-12T14:00:00,100000000.0,114886669.17,14886669.17,0,114886669.17,114886669.17,0.0,0.0053,0
2026-01-12T14:05:00,100000000.0,114886669.17,14886669.17,0,114886669.17,114886669.17,0.0,0.0053,0
2026-01-12T14:10:00,100000000.0,114886669.17,14886669.17,0,114886669.17,114886669.17,0.0,0.0053,0
2026-01-12T14:15:00,100000000.0,114886669.17,14886669.17,0,114886669.17,114886669.17,0.0,0.0053,0
2026-01-12T14:20:00,100000000.0,114886669.17,14886669.17,0,114886669.17,114886669.17,0.0,0.0053,0
2026-01-12T14:25:00,100000000.0,114886669.17,14886669.17,0,114886669.17,114886669.17,0.0,0.0053,0
2026-01-12T14:30:00,100000000.0,114886669.17,14886669.17,0,114886669.17,114886669.17,0.0,0.0053,0
2026-01-12T14:35:00,100000000.0,114886669.17,14886669.17,0,114886669.17,114886669.17,0.0,0.0053,0
2026-01-12T14:40:00,100000000.0,114886669.17,14886669.17,0,114886669.17,114886669.17,0.0,0.0053,0
2026-01-12T14:45:00,100000000.0,114886669.17,14886669.17,0,114886669.17,114886669.17,0.0,0.0053,0
2026-01-12T14:50:00,100000000.0,114886669.17,14886669.17,0,114886669.17,114886669.17,0.0,0.0053,0
2026-01-12T14:55:00,100000000.0,114886669.17,14886669.17,0,114886669.17,114886669.17,0.0,0.0053,0
2026-01-12T15:00:00,100000000.0,114886669.17,14886669.17,0,114886669.17,114886669.17,0.0,0.0053,0
2026-01-12T15:05:00,100000000.0,114886669.17,14886669.17,0,114886669.17,114886669.17,0.0,0.0053,0
2026-01-12T15:10:00,100000000.0,114886669.17,14886669.17,0,114886669.17,114886669.17,0.0,0.0053,0
2026-01-12T15:15:00,100000000.0,114886669.17,14886669.17,0,114886669.17,114886669.17,0.0,0.0053,0
2026-01-12T15:20:00,100000000.0,114886669.17,14886669.17,0,114886669.17,114886669.17,0.0,0.0053,0
2026-01-12T15:25:00,100000000.0,114886669.17,14886669.17,0,114886669.17,114886669.17,0.0,0.0053,0
2026-01-12T15:30:00,100000000.0,114886669.17,14886669.17,0,114886669.17,114886669.17,0.0,0.0053,0
2026-01-13T09:00:00,100000000.0,114886669.17,14886669.17,0,114886669.17,114886669.17,0.0,0.0053,0
2026-01-13T09:05:00,100000000.0,114886669.17,14886669.17,0,114886669.17,114886669.17,0.0,0.0053,0
2026-01-13T09:10:00,100000000.0,114886669.17,14886669.17,0,114886669.17,114886669.17,0.0,0.0053,0
2026-01-13T09:15:00,100000000.0,114886669.17,14886669.17,0,114886669.17,114886669.17,0.0,0.0053,0
2026-01-13T09:20:00,100000000.0,114886669.17,14886669.17,0,114886669.17,114886669.17,0.0,0.0053,0
2026-01-13T09:25:00,100000000.0,114886669.17,14886669.17,0,114886669.17,114886669.17,0.0,0.0053,0
2026-01-13T09:30:00,100000000.0,114886669.17,14886669.17,0,114886669.17,114886669.17,0.0,0.0053,0
2026-01-13T09:35:00,100000000.0,114886669.17,14886669.17,0,114886669.17,114886669.17,0.0,0.0053,0
2026-01-13T09:40:00,100000000.0,114886669.17,14886669.17,0,114886669.17,114886669.17,0.0,0.0053,0
2026-01-13T09:45:00,100000000.0,114886669.17,14886669.17,0,114886669.17,114886669.17,0.0,0.0053,0
2026-01-13T09:50:00,100000000.0,114886669.17,14886669.17,0,114886669.17,114886669.17,0.0,0.0053,0
2026-01-13T09:55:00,100000000.0,114886669.17,14886669.17,0,114886669.17,114886669.17,0.0,0.0053,0
2026-01-13T10:00:00,100000000.0,114886669.17,14886669.17,0,114886669.17,114886669.17,0.0,0.0053,0
2026-01-13T10:05:00,100000000.0,114886669.17,14886669.17,0,114886669.17,114886669.17,0.0,0.0053,0
2026-01-13T10:10:00,100000000.0,114886669.17,14886669.17,0,114886669.17,114886669.17,0.0,0.0053,0
2026-01-13T10:15:00,100000000.0,114886669.17,14886669.17,0,114886669.17,114886669.17,0.0,0.0053,0
2026-01-13T10:20:00,100000000.0,114886669.17,14886669.17,0,114886669.17,114886669.17,0.0,0.0053,0
2026-01-13T10:25:00,100000000.0,114886669.17,14886669.17,0,114886669.17,114886669.17,0.0,0.0053,0
2026-01-13T10:30:00,100000000.0,114886669.17,14886669.17,0,114886669.17,114886669.17,0.0,0.0053,0
2026-01-13T10:35:00,100000000.0,114886669.17,14886669.17,0,114886669.17,114886669.17,0.0,0.0053,0
2026-01-13T10:40:00,100000000.0,114886669.17,14886669.17,0,114886669.17,114886669.17,0.0,0.0053,0
2026-01-13T10:45:00,100000000.0,114886669.17,14886669.17,0,114886669.17,114886669.17,0.0,0.0053,0
2026-01-13T10:50:00,100000000.0,114886669.17,14886669.17,0,114886669.17,114886669.17,0.0,0.0053,0
2026-01-13T10:55:00,100000000.0,114886669.17,14886669.17,0,114886669.17,114886669.17,0.0,0.0053,0
2026-01-13T11:00:00,100000000.0,114886669.17,14886669.17,0,114886669.17,114886669.17,0.0,0.0053,0
2026-01-13T11:05:00,100000000.0,114886669.17,14886669.17,0,114886669.17,114886669.17,0.0,0.0053,0
2026-01-13T11:10:00,100000000.0,114886669.17,14886669.17,0,114886669.17,114886669.17,0.0,0.0053,0
2026-01-13T11:15:00,100000000.0,114886669.17,14886669.17,0,114886669.17,114886669.17,0.0,0.0053,0
2026-01-13T11:20:00,100000000.0,114886669.17,14886669.17,0,114886669.17,114886669.17,0.0,0.0053,0
2026-01-13T11:25:00,100000000.0,114886669.17,14886669.17,0,114886669.17,114886669.17,0.0,0.0053,0
2026-01-13T11:30:00,100000000.0,114886669.17,14886669.17,0,114886669.17,114886669.17,0.0,0.0053,0
2026-01-13T11:35:00,100000000.0,114886669.17,14886669.17,0,114886669.17,114886669.17,0.0,0.0053,0
2026-01-13T11:40:00,100000000.0,114886669.17,14886669.17,0,114886669.17,114886669.17,0.0,0.0053,0
2026-01-13T11:45:00,100000000.0,114886669.17,14886669.17,0,114886669.17,114886669.17,0.0,0.0053,0
2026-01-13T11:50:00,100000000.0,114886669.17,14886669.17,0,114886669.17,114886669.17,0.0,0.0053,0
2026-01-13T11:55:00,100000000.0,114886669.17,14886669.17,0,114886669.17,114886669.17,0.0,0.0053,0
2026-01-13T12:00:00,100000000.0,114886669.17,14886669.17,0,114886669.17,114886669.17,0.0,0.0053,0
2026-01-13T12:05:00,100000000.0,114886669.17,14886669.17,0,114886669.17,114886669.17,0.0,0.0053,0
2026-01-13T12:10:00,100000000.0,114886669.17,14886669.17,0,114886669.17,114886669.17,0.0,0.0053,0
2026-01-13T12:15:00,100000000.0,114886669.17,14886669.17,0,114886669.17,114886669.17,0.0,0.0053,0
2026-01-13T12:20:00,100000000.0,114886669.17,14886669.17,0,114886669.17,114886669.17,0.0,0.0053,0
2026-01-13T12:25:00,100000000.0,114886669.17,14886669.17,0,114886669.17,114886669.17,0.0,0.0053,0
2026-01-13T12:30:00,100000000.0,114886669.17,14886669.17,0,114886669.17,114886669.17,0.0,0.0053,0
2026-01-13T12:35:00,100000000.0,114886669.17,14886669.17,0,114886669.17,114886669.17,0.0,0.0053,0
2026-01-13T12:40:00,100000000.0,114886669.17,14886669.17,0,114886669.17,114886669.17,0.0,0.0053,0
2026-01-13T12:45:00,100000000.0,114886669.17,14886669.17,0,114886669.17,114886669.17,0.0,0.0053,0
2026-01-13T12:50:00,100000000.0,114886669.17,14886669.17,0,114886669.17,114886669.17,0.0,0.0053,0
2026-01-13T12:55:00,100000000.0,114886669.17,14886669.17,0,114886669.17,114886669.17,0.0,0.0053,0
2026-01-13T13:00:00,100000000.0,114886669.17,14886669.17,0,114886669.17,114886669.17,0.0,0.0053,0
2026-01-13T13:05:00,100000000.0,114886669.17,14886669.17,0,114886669.17,114886669.17,0.0,0.0053,0
2026-01-13T13:10:00,100000000.0,114886669.17,14886669.17,0,114886669.17,114886669.17,0.0,0.0053,0
2026-01-13T13:15:00,100000000.0,114886669.17,14886669.17,0,114886669.17,114886669.17,0.0,0.0053,0
2026-01-13T13:20:00,100000000.0,114886669.17,14886669.17,0,114886669.17,114886669.17,0.0,0.0053,0
2026-01-13T13:25:00,100000000.0,114886669.17,14886669.17,0,114886669.17,114886669.17,0.0,0.0053,0
2026-01-13T13:30:00,100000000.0,114886669.17,14886669.17,0,114886669.17,114886669.17,0.0,0.0053,0
2026-01-13T13:35:00,100000000.0,114886669.17,14886669.17,0,114886669.17,114886669.17,0.0,0.0053,0
2026-01-13T13:40:00,100000000.0,114886669.17,14886669.17,0,114886669.17,114886669.17,0.0,0.0053,0
2026-01-13T13:45:00,100000000.0,114886669.17,14886669.17,0,114886669.17,114886669.17,0.0,0.0053,0
2026-01-13T13:50:00,100000000.0,114886669.17,14886669.17,0,114886669.17,114886669.17,0.0,0.0053,0
2026-01-13T13:55:00,100000000.0,114886669.17,14886669.17,0,114886669.17,114886669.17,0.0,0.0053,0
2026-01-13T14:00:00,100000000.0,114886669.17,14886669.17,0,114886669.17,114886669.17,0.0,0.0053,0
2026-01-13T14:05:00,100000000.0,114886669.17,14886669.17,0,114886669.17,114886669.17,0.0,0.0053,0
2026-01-13T14:10:00,100000000.0,114886669.17,14886669.17,0,114886669.17,114886669.17,0.0,0.0053,0
2026-01-13T14:15:00,100000000.0,114886669.17,14886669.17,0,114886669.17,114886669.17,0.0,0.0053,0
2026-01-13T14:20:00,100000000.0,114886669.17,14886669.17,0,114886669.17,114886669.17,0.0,0.0053,0
2026-01-13T14:25:00,100000000.0,114886669.17,14886669.17,0,114886669.17,114886669.17,0.0,0.0053,0
2026-01-13T14:30:00,100000000.0,114886669.17,14886669.17,0,114886669.17,114886669.17,0.0,0.0053,0
2026-01-13T14:35:00,100000000.0,114886669.17,14886669.17,0,114886669.17,114886669.17,0.0,0.0053,0
2026-01-13T14:40:00,100000000.0,114886669.17,14886669.17,0,114886669.17,114886669.17,0.0,0.0053,0
2026-01-13T14:45:00,100000000.0,114886669.17,14886669.17,0,114886669.17,114886669.17,0.0,0.0053,0
2026-01-13T14:50:00,100000000.0,114886669.17,14886669.17,0,114886669.17,114886669.17,0.0,0.0053,0
2026-01-13T14:55:00,100000000.0,114886669.17,14886669.17,0,114886669.17,114886669.17,0.0,0.0053,0
2026-01-13T15:00:00,100000000.0,114886669.17,14886669.17,0,114886669.17,114886669.17,0.0,0.0053,0
2026-01-13T15:05:00,100000000.0,114886669.17,14886669.17,0,114886669.17,114886669.17,0.0,0.0053,0
2026-01-13T15:10:00,100000000.0,114886669.17,14886669.17,0,114886669.17,114886669.17,0.0,0.0053,0
2026-01-13T15:15:00,100000000.0,114886669.17,14886669.17,0,114886669.17,114886669.17,0.0,0.0053,0
2026-01-13T15:20:00,100000000.0,114886669.17,14886669.17,0,114886669.17,114886669.17,0.0,0.0053,0
2026-01-13T15:25:00,100000000.0,114886669.17,14886669.17,0,114886669.17,114886669.17,0.0,0.0053,0
2026-01-13T15:30:00,100000000.0,114886669.17,14886669.17,0,114886669.17,114886669.17,0.0,0.0053,0
2026-01-14T09:00:00,100000000.0,114886669.17,14886669.17,0,114886669.17,114886669.17,0.0,0.0053,0
2026-01-14T09:05:00,100000000.0,114886669.17,14886669.17,0,114886669.17,114886669.17,0.0,0.0053,0
2026-01-14T09:10:00,100000000.0,114886669.17,14886669.17,0,114886669.17,114886669.17,0.0,0.0053,0
2026-01-14T09:15:00,100000000.0,114886669.17,14886669.17,0,114886669.17,114886669.17,0.0,0.0053,0
2026-01-14T09:20:00,100000000.0,114886669.17,14886669.17,0,114886669.17,114886669.17,0.0,0.0053,0
2026-01-14T09:25:00,100000000.0,114886669.17,14886669.17,0,114886669.17,114886669.17,0.0,0.0053,0
2026-01-14T09:30:00,100000000.0,114886669.17,14886669.17,0,114886669.17,114886669.17,0.0,0.0053,0
2026-01-14T09:35:00,100000000.0,114886669.17,14886669.17,0,114886669.17,114886669.17,0.0,0.0053,0
2026-01-14T09:40:00,100000000.0,114886669.17,14886669.17,0,114886669.17,114886669.17,0.0,0.0053,0
2026-01-14T09:45:00,100000000.0,114886669.17,14886669.17,0,114886669.17,114886669.17,0.0,0.0053,0
2026-01-14T09:50:00,100000000.0,114886669.17,14886669.17,0,114886669.17,114886669.17,0.0,0.0053,0
2026-01-14T09:55:00,100000000.0,114886669.17,14886669.17,0,114886669.17,114886669.17,0.0,0.0053,0
2026-01-14T10:00:00,100000000.0,114886669.17,14886669.17,0,114886669.17,114886669.17,0.0,0.0053,0
2026-01-14T10:05:00,100000000.0,114886669.17,14886669.17,0,114886669.17,114886669.17,0.0,0.0053,0
2026-01-14T10:10:00,100000000.0,114886669.17,14886669.17,0,114886669.17,114886669.17,0.0,0.0053,0
2026-01-14T10:15:00,100000000.0,114886669.17,14886669.17,0,114886669.17,114886669.17,0.0,0.0053,0
2026-01-14T10:20:00,100000000.0,114886669.17,14886669.17,0,114886669.17,114886669.17,0.0,0.0053,0
2026-01-14T10:25:00,100000000.0,114886669.17,14886669.17,0,114886669.17,114886669.17,0.0,0.0053,0
2026-01-14T10:30:00,100000000.0,114886669.17,14886669.17,0,114886669.17,114886669.17,0.0,0.0053,0
2026-01-14T10:35:00,100000000.0,114886669.17,14886669.17,0,114886669.17,114886669.17,0.0,0.0053,0
2026-01-14T10:40:00,100000000.0,114886669.17,14886669.17,0,114886669.17,114886669.17,0.0,0.0053,0
2026-01-14T10:45:00,100000000.0,114886669.17,14886669.17,0,114886669.17,114886669.17,0.0,0.0053,0
2026-01-14T10:50:00,100000000.0,114886669.17,14886669.17,0,114886669.17,114886669.17,0.0,0.0053,0
2026-01-14T10:55:00,100000000.0,114886669.17,14886669.17,0,114886669.17,114886669.17,0.0,0.0053,0
2026-01-14T11:00:00,100000000.0,114886669.17,14886669.17,0,114886669.17,114886669.17,0.0,0.0053,0
2026-01-14T11:05:00,100000000.0,114886669.17,14886669.17,0,114886669.17,114886669.17,0.0,0.0053,0
2026-01-14T11:10:00,100000000.0,114886669.17,14886669.17,0,114886669.17,114886669.17,0.0,0.0053,0
2026-01-14T11:15:00,100000000.0,114886669.17,14886669.17,0,114886669.17,114886669.17,0.0,0.0053,0
2026-01-14T11:20:00,100000000.0,114886669.17,14886669.17,0,114886669.17,114886669.17,0.0,0.0053,0
2026-01-14T11:25:00,100000000.0,114886669.17,14886669.17,0,114886669.17,114886669.17,0.0,0.0053,0
2026-01-14T11:30:00,100000000.0,114886669.17,14886669.17,0,114886669.17,114886669.17,0.0,0.0053,0
2026-01-14T11:35:00,100000000.0,114886669.17,14886669.17,0,114886669.17,114886669.17,0.0,0.0053,0
2026-01-14T11:40:00,100000000.0,114886669.17,14886669.17,0,114886669.17,114886669.17,0.0,0.0053,0
2026-01-14T11:45:00,100000000.0,114886669.17,14886669.17,0,114886669.17,114886669.17,0.0,0.0053,0
2026-01-14T11:50:00,100000000.0,114886669.17,14886669.17,0,114886669.17,114886669.17,0.0,0.0053,0
2026-01-14T11:55:00,100000000.0,114886669.17,14886669.17,0,114886669.17,114886669.17,0.0,0.0053,0
2026-01-14T12:00:00,100000000.0,114886669.17,14886669.17,0,114886669.17,114886669.17,0.0,0.0053,0
2026-01-14T12:05:00,100000000.0,114886669.17,14886669.17,0,114886669.17,114886669.17,0.0,0.0053,0
2026-01-14T12:10:00,100000000.0,114886669.17,14886669.17,0,114886669.17,114886669.17,0.0,0.0053,0
2026-01-14T12:15:00,100000000.0,114886669.17,14886669.17,0,114886669.17,114886669.17,0.0,0.0053,0
2026-01-14T12:20:00,100000000.0,114886669.17,14886669.17,0,114886669.17,114886669.17,0.0,0.0053,0
2026-01-14T12:25:00,100000000.0,114886669.17,14886669.17,0,114886669.17,114886669.17,0.0,0.0053,0
2026-01-14T12:30:00,100000000.0,114886669.17,14886669.17,0,114886669.17,114886669.17,0.0,0.0053,0
2026-01-14T12:35:00,100000000.0,114886669.17,14886669.17,0,114886669.17,114886669.17,0.0,0.0053,0
2026-01-14T12:40:00,100000000.0,114886669.17,14886669.17,0,114886669.17,114886669.17,0.0,0.0053,0
2026-01-14T12:45:00,100000000.0,114886669.17,14886669.17,0,114886669.17,114886669.17,0.0,0.0053,0
2026-01-14T12:50:00,100000000.0,114886669.17,14886669.17,0,114886669.17,114886669.17,0.0,0.0053,0
2026-01-14T12:55:00,100000000.0,114886669.17,14886669.17,0,114886669.17,114886669.17,0.0,0.0053,0
2026-01-14T13:00:00,100000000.0,114886669.17,14886669.17,0,114886669.17,114886669.17,0.0,0.0053,0
2026-01-14T13:05:00,100000000.0,114886669.17,14886669.17,0,114886669.17,114886669.17,0.0,0.0053,0
2026-01-14T13:10:00,100000000.0,114886669.17,14886669.17,0,114886669.17,114886669.17,0.0,0.0053,0
2026-01-14T13:15:00,100000000.0,114886669.17,14886669.17,0,114886669.17,114886669.17,0.0,0.0053,0
2026-01-14T13:20:00,100000000.0,114886669.17,14886669.17,0,114886669.17,114886669.17,0.0,0.0053,0
2026-01-14T13:25:00,100000000.0,114886669.17,14886669.17,0,114886669.17,114886669.17,0.0,0.0053,0
2026-01-14T13:30:00,100000000.0,114886669.17,14886669.17,0,114886669.17,114886669.17,0.0,0.0053,0
2026-01-14T13:35:00,100000000.0,114886669.17,14886669.17,0,114886669.17,114886669.17,0.0,0.0053,0
2026-01-14T13:40:00,100000000.0,114886669.17,14886669.17,0,114886669.17,114886669.17,0.0,0.0053,0
2026-01-14T13:45:00,100000000.0,114886669.17,14886669.17,0,114886669.17,114886669.17,0.0,0.0053,0
2026-01-14T13:50:00,100000000.0,114886669.17,14886669.17,0,114886669.17,114886669.17,0.0,0.0053,0
2026-01-14T13:55:00,100000000.0,114886669.17,14886669.17,0,114886669.17,114886669.17,0.0,0.0053,0
2026-01-14T14:00:00,100000000.0,114886669.17,14886669.17,0,114886669.17,114886669.17,0.0,0.0053,0
2026-01-14T14:05:00,100000000.0,114886669.17,14886669.17,0,114886669.17,114886669.17,0.0,0.0053,0
2026-01-14T14:10:00,100000000.0,114886669.17,14886669.17,0,114886669.17,114886669.17,0.0,0.0053,0
2026-01-14T14:15:00,100000000.0,114886669.17,14886669.17,0,114886669.17,114886669.17,0.0,0.0053,0
2026-01-14T14:20:00,100000000.0,114886669.17,14886669.17,0,114886669.17,114886669.17,0.0,0.0053,0
2026-01-14T14:25:00,100000000.0,114886669.17,14886669.17,0,114886669.17,114886669.17,0.0,0.0053,0
2026-01-14T14:30:00,100000000.0,114886669.17,14886669.17,0,114886669.17,114886669.17,0.0,0.0053,0
2026-01-14T14:35:00,100000000.0,114886669.17,14886669.17,0,114886669.17,114886669.17,0.0,0.0053,0
2026-01-14T14:40:00,100000000.0,114886669.17,14886669.17,0,114886669.17,114886669.17,0.0,0.0053,0
2026-01-14T14:45:00,100000000.0,114886669.17,14886669.17,0,114886669.17,114886669.17,0.0,0.0053,0
2026-01-14T14:50:00,100000000.0,114886669.17,14886669.17,0,114886669.17,114886669.17,0.0,0.0053,0
2026-01-14T14:55:00,100000000.0,114886669.17,14886669.17,0,114886669.17,114886669.17,0.0,0.0053,0
2026-01-14T15:00:00,100000000.0,114886669.17,14886669.17,0,114886669.17,114886669.17,0.0,0.0053,0
2026-01-14T15:05:00,100000000.0,114886669.17,14886669.17,0,114886669.17,114886669.17,0.0,0.0053,0
2026-01-14T15:10:00,100000000.0,114886669.17,14886669.17,0,114886669.17,114886669.17,0.0,0.0053,0
2026-01-14T15:15:00,100000000.0,114886669.17,14886669.17,0,114886669.17,114886669.17,0.0,0.0053,0
2026-01-14T15:20:00,100000000.0,114886669.17,14886669.17,0,114886669.17,114886669.17,0.0,0.0053,0
2026-01-14T15:25:00,100000000.0,114886669.17,14886669.17,0,114886669.17,114886669.17,0.0,0.0053,0
2026-01-14T15:30:00,100000000.0,114886669.17,14886669.17,0,114886669.17,114886669.17,0.0,0.0053,0
2026-01-15T09:00:00,100000000.0,114886669.17,14886669.17,0,114886669.17,114886669.17,0.0,0.0053,0
2026-01-15T09:05:00,100000000.0,114886669.17,14886669.17,0,114886669.17,114886669.17,0.0,0.0053,0
2026-01-15T09:10:00,100000000.0,114886669.17,14886669.17,0,114886669.17,114886669.17,0.0,0.0053,0
2026-01-15T09:15:00,100000000.0,114886669.17,14886669.17,0,114886669.17,114886669.17,0.0,0.0053,0
2026-01-15T09:20:00,100000000.0,114886669.17,14886669.17,0,114886669.17,114886669.17,0.0,0.0053,0
2026-01-15T09:25:00,100000000.0,114886669.17,14886669.17,0,114886669.17,114886669.17,0.0,0.0053,0
2026-01-15T09:30:00,100000000.0,114886669.17,14886669.17,0,114886669.17,114886669.17,0.0,0.0053,0
2026-01-15T09:35:00,100000000.0,114886669.17,14886669.17,0,114886669.17,114886669.17,0.0,0.0053,0
2026-01-15T09:40:00,100000000.0,114886669.17,14886669.17,0,114886669.17,114886669.17,0.0,0.0053,0
2026-01-15T09:45:00,100000000.0,114886669.17,14886669.17,0,114886669.17,114886669.17,0.0,0.0053,0
2026-01-15T09:50:00,100000000.0,114886669.17,14886669.17,0,114886669.17,114886669.17,0.0,0.0053,0
2026-01-15T09:55:00,100000000.0,114886669.17,14886669.17,0,114886669.17,114886669.17,0.0,0.0053,0
2026-01-15T10:00:00,100000000.0,114886669.17,14886669.17,0,114886669.17,114886669.17,0.0,0.0053,0
2026-01-15T10:05:00,100000000.0,114886669.17,14886669.17,0,114886669.17,114886669.17,0.0,0.0053,0
2026-01-15T10:10:00,100000000.0,114886669.17,14886669.17,0,114886669.17,114886669.17,0.0,0.0053,0
2026-01-15T10:15:00,100000000.0,114886669.17,14886669.17,0,114886669.17,114886669.17,0.0,0.0053,0
2026-01-15T10:20:00,100000000.0,114886669.17,14886669.17,0,114886669.17,114886669.17,0.0,0.0053,0
2026-01-15T10:25:00,100000000.0,114886669.17,14886669.17,0,114886669.17,114886669.17,0.0,0.0053,0
2026-01-15T10:30:00,100000000.0,114886669.17,14886669.17,0,114886669.17,114886669.17,0.0,0.0053,0
2026-01-15T10:35:00,100000000.0,114886669.17,14886669.17,0,114886669.17,114886669.17,0.0,0.0053,0
2026-01-15T10:40:00,100000000.0,114886669.17,14886669.17,0,114886669.17,114886669.17,0.0,0.0053,0
2026-01-15T10:45:00,100000000.0,114886669.17,14886669.17,0,114886669.17,114886669.17,0.0,0.0053,0
2026-01-15T10:50:00,100000000.0,114886669.17,14886669.17,0,114886669.17,114886669.17,0.0,0.0053,0
2026-01-15T10:55:00,100000000.0,114886669.17,14886669.17,0,114886669.17,114886669.17,0.0,0.0053,0
2026-01-15T11:00:00,100000000.0,114886669.17,14886669.17,0,114886669.17,114886669.17,0.0,0.0053,0
2026-01-15T11:05:00,100000000.0,114886669.17,14886669.17,0,114886669.17,114886669.17,0.0,0.0053,0
2026-01-15T11:10:00,100000000.0,114886669.17,14886669.17,0,114886669.17,114886669.17,0.0,0.0053,0
2026-01-15T11:15:00,100000000.0,114886669.17,14886669.17,0,114886669.17,114886669.17,0.0,0.0053,0
2026-01-15T11:20:00,100000000.0,114886669.17,14886669.17,0,114886669.17,114886669.17,0.0,0.0053,0
2026-01-15T11:25:00,100000000.0,114886669.17,14886669.17,0,114886669.17,114886669.17,0.0,0.0053,0
2026-01-15T11:30:00,100000000.0,114886669.17,14886669.17,0,114886669.17,114886669.17,0.0,0.0053,0
2026-01-15T11:35:00,100000000.0,114886669.17,14886669.17,0,114886669.17,114886669.17,0.0,0.0053,0
2026-01-15T11:40:00,100000000.0,114886669.17,14886669.17,0,114886669.17,114886669.17,0.0,0.0053,0
2026-01-15T11:45:00,100000000.0,114886669.17,14886669.17,0,114886669.17,114886669.17,0.0,0.0053,0
2026-01-15T11:50:00,100000000.0,114886669.17,14886669.17,0,114886669.17,114886669.17,0.0,0.0053,0
2026-01-15T11:55:00,100000000.0,114886669.17,14886669.17,0,114886669.17,114886669.17,0.0,0.0053,0
2026-01-15T12:00:00,100000000.0,114886669.17,14886669.17,0,114886669.17,114886669.17,0.0,0.0053,0
2026-01-15T12:05:00,100000000.0,114886669.17,14886669.17,0,114886669.17,114886669.17,0.0,0.0053,0
2026-01-15T12:10:00,100000000.0,114886669.17,14886669.17,0,114886669.17,114886669.17,0.0,0.0053,0
2026-01-15T12:15:00,100000000.0,114886669.17,14886669.17,0,114886669.17,114886669.17,0.0,0.0053,0
2026-01-15T12:20:00,100000000.0,114886669.17,14886669.17,0,114886669.17,114886669.17,0.0,0.0053,0
2026-01-15T12:25:00,100000000.0,114886669.17,14886669.17,0,114886669.17,114886669.17,0.0,0.0053,0
2026-01-15T12:30:00,100000000.0,114886669.17,14886669.17,0,114886669.17,114886669.17,0.0,0.0053,0
2026-01-15T12:35:00,100000000.0,114886669.17,14886669.17,0,114886669.17,114886669.17,0.0,0.0053,0
2026-01-15T12:40:00,100000000.0,114886669.17,14886669.17,0,114886669.17,114886669.17,0.0,0.0053,0
2026-01-15T12:45:00,100000000.0,114886669.17,14886669.17,0,114886669.17,114886669.17,0.0,0.0053,0
2026-01-15T12:50:00,100000000.0,114886669.17,14886669.17,0,114886669.17,114886669.17,0.0,0.0053,0
2026-01-15T12:55:00,100000000.0,114886669.17,14886669.17,0,114886669.17,114886669.17,0.0,0.0053,0
2026-01-15T13:00:00,100000000.0,114886669.17,14886669.17,0,114886669.17,114886669.17,0.0,0.0053,0
2026-01-15T13:05:00,100000000.0,114886669.17,14886669.17,0,114886669.17,114886669.17,0.0,0.0053,0
2026-01-15T13:10:00,100000000.0,114886669.17,14886669.17,0,114886669.17,114886669.17,0.0,0.0053,0
2026-01-15T13:15:00,100000000.0,114886669.17,14886669.17,0,114886669.17,114886669.17,0.0,0.0053,0
2026-01-15T13:20:00,100000000.0,114886669.17,14886669.17,0,114886669.17,114886669.17,0.0,0.0053,0
2026-01-15T13:25:00,100000000.0,114886669.17,14886669.17,0,114886669.17,114886669.17,0.0,0.0053,0
2026-01-15T13:30:00,100000000.0,114886669.17,14886669.17,0,114886669.17,114886669.17,0.0,0.0053,0
2026-01-15T13:35:00,100000000.0,114886669.17,14886669.17,0,114886669.17,114886669.17,0.0,0.0053,0
2026-01-15T13:40:00,100000000.0,114886669.17,14886669.17,0,114886669.17,114886669.17,0.0,0.0053,0
2026-01-15T13:45:00,100000000.0,114886669.17,14886669.17,0,114886669.17,114886669.17,0.0,0.0053,0
2026-01-15T13:50:00,100000000.0,114886669.17,14886669.17,0,114886669.17,114886669.17,0.0,0.0053,0
2026-01-15T13:55:00,100000000.0,114886669.17,14886669.17,0,114886669.17,114886669.17,0.0,0.0053,0
2026-01-15T14:00:00,100000000.0,114886669.17,14886669.17,0,114886669.17,114886669.17,0.0,0.0053,0
2026-01-15T14:05:00,100000000.0,114886669.17,14886669.17,0,114886669.17,114886669.17,0.0,0.0053,0
2026-01-15T14:10:00,100000000.0,114886669.17,14886669.17,0,114886669.17,114886669.17,0.0,0.0053,0
2026-01-15T14:15:00,100000000.0,114886669.17,14886669.17,0,114886669.17,114886669.17,0.0,0.0053,0
2026-01-15T14:20:00,100000000.0,114886669.17,14886669.17,0,114886669.17,114886669.17,0.0,0.0053,0
2026-01-15T14:25:00,100000000.0,114886669.17,14886669.17,0,114886669.17,114886669.17,0.0,0.0053,0
2026-01-15T14:30:00,100000000.0,114886669.17,14886669.17,0,114886669.17,114886669.17,0.0,0.0053,0
2026-01-15T14:35:00,100000000.0,114886669.17,14886669.17,0,114886669.17,114886669.17,0.0,0.0053,0
2026-01-15T14:40:00,100000000.0,114886669.17,14886669.17,0,114886669.17,114886669.17,0.0,0.0053,0
2026-01-15T14:45:00,100000000.0,114886669.17,14886669.17,0,114886669.17,114886669.17,0.0,0.0053,0
2026-01-15T14:50:00,100000000.0,114886669.17,14886669.17,0,114886669.17,114886669.17,0.0,0.0053,0
2026-01-15T14:55:00,100000000.0,114886669.17,14886669.17,0,114886669.17,114886669.17,0.0,0.0053,0
2026-01-15T15:00:00,100000000.0,114886669.17,14886669.17,0,114886669.17,114886669.17,0.0,0.0053,0
2026-01-15T15:05:00,100000000.0,114886669.17,14886669.17,0,114886669.17,114886669.17,0.0,0.0053,0
2026-01-15T15:10:00,100000000.0,114886669.17,14886669.17,0,114886669.17,114886669.17,0.0,0.0053,0
2026-01-15T15:15:00,100000000.0,114886669.17,14886669.17,0,114886669.17,114886669.17,0.0,0.0053,0
2026-01-15T15:20:00,100000000.0,114886669.17,14886669.17,0,114886669.17,114886669.17,0.0,0.0053,0
2026-01-15T15:25:00,100000000.0,114886669.17,14886669.17,0,114886669.17,114886669.17,0.0,0.0053,0
2026-01-15T15:30:00,100000000.0,114886669.17,14886669.17,0,114886669.17,114886669.17,0.0,0.0053,0
2026-01-16T09:00:00,100000000.0,114886669.17,14886669.17,0,114886669.17,114886669.17,0.0,0.0053,0
2026-01-16T09:05:00,100000000.0,114886669.17,14886669.17,0,114886669.17,114886669.17,0.0,0.0053,0
2026-01-16T09:10:00,100000000.0,114886669.17,14886669.17,0,114886669.17,114886669.17,0.0,0.0053,0
2026-01-16T09:15:00,100000000.0,114886669.17,14886669.17,0,114886669.17,114886669.17,0.0,0.0053,0
2026-01-16T09:20:00,100000000.0,114886669.17,14886669.17,0,114886669.17,114886669.17,0.0,0.0053,0
2026-01-16T09:25:00,100000000.0,114886669.17,14886669.17,0,114886669.17,114886669.17,0.0,0.0053,0
2026-01-16T09:30:00,100000000.0,114886669.17,14886669.17,0,114886669.17,114886669.17,0.0,0.0053,0
2026-01-16T09:35:00,100000000.0,114886669.17,14886669.17,0,114886669.17,114886669.17,0.0,0.0053,0
2026-01-16T09:40:00,100000000.0,114886669.17,14886669.17,0,114886669.17,114886669.17,0.0,0.0053,0
2026-01-16T09:45:00,100000000.0,114886669.17,14886669.17,0,114886669.17,114886669.17,0.0,0.0053,0
2026-01-16T09:50:00,100000000.0,114886669.17,14886669.17,0,114886669.17,114886669.17,0.0,0.0053,0
2026-01-16T09:55:00,100000000.0,114886669.17,14886669.17,0,114886669.17,114886669.17,0.0,0.0053,0
2026-01-16T10:00:00,100000000.0,114886669.17,14886669.17,0,114886669.17,114886669.17,0.0,0.0053,0
2026-01-16T10:05:00,100000000.0,114886669.17,14886669.17,0,114886669.17,114886669.17,0.0,0.0053,0
2026-01-16T10:10:00,100000000.0,114886669.17,14886669.17,0,114886669.17,114886669.17,0.0,0.0053,0
2026-01-16T10:15:00,100000000.0,114886669.17,14886669.17,0,114886669.17,114886669.17,0.0,0.0053,0
2026-01-16T10:20:00,100000000.0,114886669.17,14886669.17,0,114886669.17,114886669.17,0.0,0.0053,0
2026-01-16T10:25:00,100000000.0,114886669.17,14886669.17,0,114886669.17,114886669.17,0.0,0.0053,0
2026-01-16T10:30:00,100000000.0,114886669.17,14886669.17,0,114886669.17,114886669.17,0.0,0.0053,0
2026-01-16T10:35:00,100000000.0,114886669.17,14886669.17,0,114886669.17,114886669.17,0.0,0.0053,0
2026-01-16T10:40:00,100000000.0,114886669.17,14886669.17,0,114886669.17,114886669.17,0.0,0.0053,0
2026-01-16T10:45:00,100000000.0,114886669.17,14886669.17,0,114886669.17,114886669.17,0.0,0.0053,0
2026-01-16T10:50:00,100000000.0,114886669.17,14886669.17,0,114886669.17,114886669.17,0.0,0.0053,0
2026-01-16T10:55:00,100000000.0,114886669.17,14886669.17,0,114886669.17,114886669.17,0.0,0.0053,0
2026-01-16T11:00:00,100000000.0,114886669.17,14886669.17,0,114886669.17,114886669.17,0.0,0.0053,0
2026-01-16T11:05:00,100000000.0,114886669.17,14886669.17,0,114886669.17,114886669.17,0.0,0.0053,0
2026-01-16T11:10:00,100000000.0,114886669.17,14886669.17,0,114886669.17,114886669.17,0.0,0.0053,0
2026-01-16T11:15:00,100000000.0,114886669.17,14886669.17,0,114886669.17,114886669.17,0.0,0.0053,0
2026-01-16T11:20:00,100000000.0,114886669.17,14886669.17,0,114886669.17,114886669.17,0.0,0.0053,0
2026-01-16T11:25:00,100000000.0,114886669.17,14886669.17,0,114886669.17,114886669.17,0.0,0.0053,0
2026-01-16T11:30:00,100000000.0,114886669.17,14886669.17,0,114886669.17,114886669.17,0.0,0.0053,0
2026-01-16T11:35:00,100000000.0,114886669.17,14886669.17,0,114886669.17,114886669.17,0.0,0.0053,0
2026-01-16T11:40:00,100000000.0,114886669.17,14886669.17,0,114886669.17,114886669.17,0.0,0.0053,0
2026-01-16T11:45:00,100000000.0,114886669.17,14886669.17,0,114886669.17,114886669.17,0.0,0.0053,0
2026-01-16T11:50:00,100000000.0,114886669.17,14886669.17,0,114886669.17,114886669.17,0.0,0.0053,0
2026-01-16T11:55:00,100000000.0,114886669.17,14886669.17,0,114886669.17,114886669.17,0.0,0.0053,0
2026-01-16T12:00:00,100000000.0,114886669.17,14886669.17,0,114886669.17,114886669.17,0.0,0.0053,0
2026-01-16T12:05:00,100000000.0,114886669.17,14886669.17,0,114886669.17,114886669.17,0.0,0.0053,0
2026-01-16T12:10:00,100000000.0,114886669.17,14886669.17,0,114886669.17,114886669.17,0.0,0.0053,0
2026-01-16T12:15:00,100000000.0,114886669.17,14886669.17,0,114886669.17,114886669.17,0.0,0.0053,0
2026-01-16T12:20:00,100000000.0,114886669.17,14886669.17,0,114886669.17,114886669.17,0.0,0.0053,0
2026-01-16T12:25:00,100000000.0,114886669.17,14886669.17,0,114886669.17,114886669.17,0.0,0.0053,0
2026-01-16T12:30:00,100000000.0,114886669.17,14886669.17,0,114886669.17,114886669.17,0.0,0.0053,0
2026-01-16T12:35:00,100000000.0,114886669.17,14886669.17,0,114886669.17,114886669.17,0.0,0.0053,0
2026-01-16T12:40:00,100000000.0,114886669.17,14886669.17,0,114886669.17,114886669.17,0.0,0.0053,0
2026-01-16T12:45:00,100000000.0,114886669.17,14886669.17,0,114886669.17,114886669.17,0.0,0.0053,0
2026-01-16T12:50:00,100000000.0,114886669.17,14886669.17,0,114886669.17,114886669.17,0.0,0.0053,0
2026-01-16T12:55:00,100000000.0,114886669.17,14886669.17,0,114886669.17,114886669.17,0.0,0.0053,0
2026-01-16T13:00:00,100000000.0,114886669.17,14886669.17,0,114886669.17,114886669.17,0.0,0.0053,0
2026-01-16T13:05:00,100000000.0,114886669.17,14886669.17,0,114886669.17,114886669.17,0.0,0.0053,0
2026-01-16T13:10:00,100000000.0,114886669.17,14886669.17,0,114886669.17,114886669.17,0.0,0.0053,0
2026-01-16T13:15:00,100000000.0,114886669.17,14886669.17,0,114886669.17,114886669.17,0.0,0.0053,0
2026-01-16T13:20:00,100000000.0,114886669.17,14886669.17,0,114886669.17,114886669.17,0.0,0.0053,0
2026-01-16T13:25:00,100000000.0,114886669.17,14886669.17,0,114886669.17,114886669.17,0.0,0.0053,0
2026-01-16T13:30:00,100000000.0,114886669.17,14886669.17,0,114886669.17,114886669.17,0.0,0.0053,0
2026-01-16T13:35:00,100000000.0,114886669.17,14886669.17,0,114886669.17,114886669.17,0.0,0.0053,0
2026-01-16T13:40:00,100000000.0,114886669.17,14886669.17,0,114886669.17,114886669.17,0.0,0.0053,0
2026-01-16T13:45:00,100000000.0,114886669.17,14886669.17,0,114886669.17,114886669.17,0.0,0.0053,0
2026-01-16T13:50:00,100000000.0,114886669.17,14886669.17,0,114886669.17,114886669.17,0.0,0.0053,0
2026-01-16T13:55:00,100000000.0,114886669.17,14886669.17,0,114886669.17,114886669.17,0.0,0.0053,0
2026-01-16T14:00:00,100000000.0,114886669.17,14886669.17,0,114886669.17,114886669.17,0.0,0.0053,0
2026-01-16T14:05:00,100000000.0,114886669.17,14886669.17,0,114886669.17,114886669.17,0.0,0.0053,0
2026-01-16T14:10:00,100000000.0,114886669.17,14886669.17,0,114886669.17,114886669.17,0.0,0.0053,0
2026-01-16T14:15:00,100000000.0,114886669.17,14886669.17,0,114886669.17,114886669.17,0.0,0.0053,0
2026-01-16T14:20:00,100000000.0,114886669.17,14886669.17,0,114886669.17,114886669.17,0.0,0.0053,0
2026-01-16T14:25:00,100000000.0,114886669.17,14886669.17,0,114886669.17,114886669.17,0.0,0.0053,0
2026-01-16T14:30:00,100000000.0,114886669.17,14886669.17,0,114886669.17,114886669.17,0.0,0.0053,0
2026-01-16T14:35:00,100000000.0,114886669.17,14886669.17,0,114886669.17,114886669.17,0.0,0.0053,0
2026-01-16T14:40:00,100000000.0,114886669.17,14886669.17,0,114886669.17,114886669.17,0.0,0.0053,0
2026-01-16T14:45:00,100000000.0,114886669.17,14886669.17,0,114886669.17,114886669.17,0.0,0.0053,0
2026-01-16T14:50:00,100000000.0,114886669.17,14886669.17,0,114886669.17,114886669.17,0.0,0.0053,0
2026-01-16T14:55:00,100000000.0,114886669.17,14886669.17,0,114886669.17,114886669.17,0.0,0.0053,0
2026-01-16T15:00:00,100000000.0,114886669.17,14886669.17,0,114886669.17,114886669.17,0.0,0.0053,0
2026-01-16T15:05:00,100000000.0,114886669.17,14886669.17,0,114886669.17,114886669.17,0.0,0.0053,0
2026-01-16T15:10:00,100000000.0,114886669.17,14886669.17,0,114886669.17,114886669.17,0.0,0.0053,0
2026-01-16T15:15:00,100000000.0,114886669.17,14886669.17,0,114886669.17,114886669.17,0.0,0.0053,0
2026-01-16T15:20:00,100000000.0,114886669.17,14886669.17,0,114886669.17,114886669.17,0.0,0.0053,0
2026-01-16T15:25:00,100000000.0,114886669.17,14886669.17,0,114886669.17,114886669.17,0.0,0.0053,0
2026-01-16T15:30:00,100000000.0,114886669.17,14886669.17,0,114886669.17,114886669.17,0.0,0.0053,0
2026-01-19T09:00:00,100000000.0,114886669.17,14886669.17,0,114886669.17,114886669.17,0.0,0.0053,0
2026-01-19T09:05:00,100000000.0,114886669.17,14886669.17,0,114886669.17,114886669.17,0.0,0.0053,0
2026-01-19T09:10:00,100000000.0,114886669.17,14886669.17,0,114886669.17,114886669.17,0.0,0.0053,0
2026-01-19T09:15:00,100000000.0,114886669.17,14886669.17,0,114886669.17,114886669.17,0.0,0.0053,0
2026-01-19T09:20:00,100000000.0,114886669.17,14886669.17,0,114886669.17,114886669.17,0.0,0.0053,0
2026-01-19T09:25:00,100000000.0,114886669.17,14886669.17,0,114886669.17,114886669.17,0.0,0.0053,0
2026-01-19T09:30:00,100000000.0,114886669.17,14886669.17,0,114886669.17,114886669.17,0.0,0.0053,0
2026-01-19T09:35:00,100000000.0,114886669.17,14886669.17,0,114886669.17,114886669.17,0.0,0.0053,0
2026-01-19T09:40:00,100000000.0,114886669.17,14886669.17,0,114886669.17,114886669.17,0.0,0.0053,0
2026-01-19T09:45:00,100000000.0,114886669.17,14886669.17,0,114886669.17,114886669.17,0.0,0.0053,0
2026-01-19T09:50:00,100000000.0,114886669.17,14886669.17,0,114886669.17,114886669.17,0.0,0.0053,0
2026-01-19T09:55:00,100000000.0,114886669.17,14886669.17,0,114886669.17,114886669.17,0.0,0.0053,0
2026-01-19T10:00:00,100000000.0,114886669.17,14886669.17,0,114886669.17,114886669.17,0.0,0.0053,0
2026-01-19T10:05:00,100000000.0,114886669.17,14886669.17,0,114886669.17,114886669.17,0.0,0.0053,0
2026-01-19T10:10:00,100000000.0,114886669.17,14886669.17,0,114886669.17,114886669.17,0.0,0.0053,0
2026-01-19T10:15:00,100000000.0,114886669.17,14886669.17,0,114886669.17,114886669.17,0.0,0.0053,0
2026-01-19T10:20:00,100000000.0,114886669.17,14886669.17,0,114886669.17,114886669.17,0.0,0.0053,0
2026-01-19T10:25:00,100000000.0,114886669.17,14886669.17,0,114886669.17,114886669.17,0.0,0.0053,0
2026-01-19T10:30:00,100000000.0,114886669.17,14886669.17,0,114886669.17,114886669.17,0.0,0.0053,0
2026-01-19T10:35:00,100000000.0,114886669.17,14886669.17,0,114886669.17,114886669.17,0.0,0.0053,0
2026-01-19T10:40:00,100000000.0,114886669.17,14886669.17,0,114886669.17,114886669.17,0.0,0.0053,0
2026-01-19T10:45:00,100000000.0,114886669.17,14886669.17,0,114886669.17,114886669.17,0.0,0.0053,0
2026-01-19T10:50:00,100000000.0,114886669.17,14886669.17,0,114886669.17,114886669.17,0.0,0.0053,0
2026-01-19T10:55:00,100000000.0,114886669.17,14886669.17,0,114886669.17,114886669.17,0.0,0.0053,0
2026-01-19T11:00:00,100000000.0,114886669.17,14886669.17,0,114886669.17,114886669.17,0.0,0.0053,0
2026-01-19T11:05:00,100000000.0,114886669.17,14886669.17,0,114886669.17,114886669.17,0.0,0.0053,0
2026-01-19T11:10:00,100000000.0,114886669.17,14886669.17,0,114886669.17,114886669.17,0.0,0.0053,0
2026-01-19T11:15:00,100000000.0,114886669.17,14886669.17,0,114886669.17,114886669.17,0.0,0.0053,0
2026-01-19T11:20:00,100000000.0,114886669.17,14886669.17,0,114886669.17,114886669.17,0.0,0.0053,0
2026-01-19T11:25:00,100000000.0,114886669.17,14886669.17,0,114886669.17,114886669.17,0.0,0.0053,0
2026-01-19T11:30:00,100000000.0,114886669.17,14886669.17,0,114886669.17,114886669.17,0.0,0.0053,0
2026-01-19T11:35:00,100000000.0,114886669.17,14886669.17,0,114886669.17,114886669.17,0.0,0.0053,0
2026-01-19T11:40:00,100000000.0,114886669.17,14886669.17,0,114886669.17,114886669.17,0.0,0.0053,0
2026-01-19T11:45:00,100000000.0,114886669.17,14886669.17,0,114886669.17,114886669.17,0.0,0.0053,0
2026-01-19T11:50:00,100000000.0,114886669.17,14886669.17,0,114886669.17,114886669.17,0.0,0.0053,0
2026-01-19T11:55:00,100000000.0,114886669.17,14886669.17,0,114886669.17,114886669.17,0.0,0.0053,0
2026-01-19T12:00:00,100000000.0,114886669.17,14886669.17,0,114886669.17,114886669.17,0.0,0.0053,0
2026-01-19T12:05:00,100000000.0,114886669.17,14886669.17,0,114886669.17,114886669.17,0.0,0.0053,0
2026-01-19T12:10:00,100000000.0,114886669.17,14886669.17,0,114886669.17,114886669.17,0.0,0.0053,0
2026-01-19T12:15:00,100000000.0,114886669.17,14886669.17,0,114886669.17,114886669.17,0.0,0.0053,0
2026-01-19T12:20:00,100000000.0,114886669.17,14886669.17,0,114886669.17,114886669.17,0.0,0.0053,0
2026-01-19T12:25:00,100000000.0,114886669.17,14886669.17,0,114886669.17,114886669.17,0.0,0.0053,0
2026-01-19T12:30:00,100000000.0,114886669.17,14886669.17,0,114886669.17,114886669.17,0.0,0.0053,0
2026-01-19T12:35:00,100000000.0,114886669.17,14886669.17,0,114886669.17,114886669.17,0.0,0.0053,0
2026-01-19T12:40:00,100000000.0,114886669.17,14886669.17,0,114886669.17,114886669.17,0.0,0.0053,0
2026-01-19T12:45:00,100000000.0,114886669.17,14886669.17,0,114886669.17,114886669.17,0.0,0.0053,0
2026-01-19T12:50:00,100000000.0,114886669.17,14886669.17,0,114886669.17,114886669.17,0.0,0.0053,0
2026-01-19T12:55:00,100000000.0,114886669.17,14886669.17,0,114886669.17,114886669.17,0.0,0.0053,0
2026-01-19T13:00:00,100000000.0,114886669.17,14886669.17,0,114886669.17,114886669.17,0.0,0.0053,0
2026-01-19T13:05:00,100000000.0,114886669.17,14886669.17,0,114886669.17,114886669.17,0.0,0.0053,0
2026-01-19T13:10:00,100000000.0,114886669.17,14886669.17,0,114886669.17,114886669.17,0.0,0.0053,0
2026-01-19T13:15:00,100000000.0,114886669.17,14886669.17,0,114886669.17,114886669.17,0.0,0.0053,0
2026-01-19T13:20:00,100000000.0,114886669.17,14886669.17,0,114886669.17,114886669.17,0.0,0.0053,0
2026-01-19T13:25:00,100000000.0,114886669.17,14886669.17,0,114886669.17,114886669.17,0.0,0.0053,0
2026-01-19T13:30:00,100000000.0,114886669.17,14886669.17,0,114886669.17,114886669.17,0.0,0.0053,0
2026-01-19T13:35:00,100000000.0,114886669.17,14886669.17,0,114886669.17,114886669.17,0.0,0.0053,0
2026-01-19T13:40:00,100000000.0,114886669.17,14886669.17,0,114886669.17,114886669.17,0.0,0.0053,0
2026-01-19T13:45:00,100000000.0,114886669.17,14886669.17,0,114886669.17,114886669.17,0.0,0.0053,0
2026-01-19T13:50:00,100000000.0,114886669.17,14886669.17,0,114886669.17,114886669.17,0.0,0.0053,0
2026-01-19T13:55:00,100000000.0,114886669.17,14886669.17,0,114886669.17,114886669.17,0.0,0.0053,0
2026-01-19T14:00:00,100000000.0,114886669.17,14886669.17,0,114886669.17,114886669.17,0.0,0.0053,0
2026-01-19T14:05:00,100000000.0,114886669.17,14886669.17,0,114886669.17,114886669.17,0.0,0.0053,0
2026-01-19T14:10:00,100000000.0,114886669.17,14886669.17,0,114886669.17,114886669.17,0.0,0.0053,0
2026-01-19T14:15:00,100000000.0,114886669.17,14886669.17,0,114886669.17,114886669.17,0.0,0.0053,0
2026-01-19T14:20:00,100000000.0,114886669.17,14886669.17,0,114886669.17,114886669.17,0.0,0.0053,0
2026-01-19T14:25:00,100000000.0,114886669.17,14886669.17,0,114886669.17,114886669.17,0.0,0.0053,0
2026-01-19T14:30:00,100000000.0,114886669.17,14886669.17,0,114886669.17,114886669.17,0.0,0.0053,0
2026-01-19T14:35:00,100000000.0,114886669.17,14886669.17,0,114886669.17,114886669.17,0.0,0.0053,0
2026-01-19T14:40:00,100000000.0,114886669.17,14886669.17,0,114886669.17,114886669.17,0.0,0.0053,0
2026-01-19T14:45:00,100000000.0,114886669.17,14886669.17,0,114886669.17,114886669.17,0.0,0.0053,0
2026-01-19T14:50:00,100000000.0,114886669.17,14886669.17,0,114886669.17,114886669.17,0.0,0.0053,0
2026-01-19T14:55:00,100000000.0,114886669.17,14886669.17,0,114886669.17,114886669.17,0.0,0.0053,0
2026-01-19T15:00:00,100000000.0,114886669.17,14886669.17,0,114886669.17,114886669.17,0.0,0.0053,0
2026-01-19T15:05:00,100000000.0,114886669.17,14886669.17,0,114886669.17,114886669.17,0.0,0.0053,0
2026-01-19T15:10:00,100000000.0,114886669.17,14886669.17,0,114886669.17,114886669.17,0.0,0.0053,0
2026-01-19T15:15:00,100000000.0,114886669.17,14886669.17,0,114886669.17,114886669.17,0.0,0.0053,0
2026-01-19T15:20:00,100000000.0,114886669.17,14886669.17,0,114886669.17,114886669.17,0.0,0.0053,0
2026-01-19T15:25:00,100000000.0,114886669.17,14886669.17,0,114886669.17,114886669.17,0.0,0.0053,0
2026-01-19T15:30:00,100000000.0,114886669.17,14886669.17,0,114886669.17,114886669.17,0.0,0.0053,0
2026-01-20T09:00:00,100000000.0,114886669.17,14886669.17,0,114886669.17,114886669.17,0.0,0.0053,0
2026-01-20T09:05:00,100000000.0,114886669.17,14886669.17,0,114886669.17,114886669.17,0.0,0.0053,0
2026-01-20T09:10:00,100000000.0,114886669.17,14886669.17,0,114886669.17,114886669.17,0.0,0.0053,0
2026-01-20T09:15:00,100000000.0,114886669.17,14886669.17,0,114886669.17,114886669.17,0.0,0.0053,0
2026-01-20T09:20:00,100000000.0,114886669.17,14886669.17,0,114886669.17,114886669.17,0.0,0.0053,0
2026-01-20T09:25:00,100000000.0,114886669.17,14886669.17,0,114886669.17,114886669.17,0.0,0.0053,0
2026-01-20T09:30:00,100000000.0,114886669.17,14886669.17,0,114886669.17,114886669.17,0.0,0.0053,0
2026-01-20T09:35:00,100000000.0,114886669.17,14886669.17,0,114886669.17,114886669.17,0.0,0.0053,0
2026-01-20T09:40:00,100000000.0,114886669.17,14886669.17,0,114886669.17,114886669.17,0.0,0.0053,0
2026-01-20T09:45:00,100000000.0,114886669.17,14886669.17,0,114886669.17,114886669.17,0.0,0.0053,0
2026-01-20T09:50:00,100000000.0,114886669.17,14886669.17,0,114886669.17,114886669.17,0.0,0.0053,0
2026-01-20T09:55:00,100000000.0,114886669.17,14886669.17,0,114886669.17,114886669.17,0.0,0.0053,0
2026-01-20T10:00:00,100000000.0,114886669.17,14886669.17,0,114886669.17,114886669.17,0.0,0.0053,0
2026-01-20T10:05:00,100000000.0,114886669.17,14886669.17,0,114886669.17,114886669.17,0.0,0.0053,0
2026-01-20T10:10:00,100000000.0,114886669.17,14886669.17,0,114886669.17,114886669.17,0.0,0.0053,0
2026-01-20T10:15:00,100000000.0,114886669.17,14886669.17,0,114886669.17,114886669.17,0.0,0.0053,0
2026-01-20T10:20:00,100000000.0,114886669.17,14886669.17,0,114886669.17,114886669.17,0.0,0.0053,0
2026-01-20T10:25:00,100000000.0,114886669.17,14886669.17,0,114886669.17,114886669.17,0.0,0.0053,0
2026-01-20T10:30:00,100000000.0,114886669.17,14886669.17,0,114886669.17,114886669.17,0.0,0.0053,0
2026-01-20T10:35:00,100000000.0,114886669.17,14886669.17,0,114886669.17,114886669.17,0.0,0.0053,0
2026-01-20T10:40:00,100000000.0,114886669.17,14886669.17,0,114886669.17,114886669.17,0.0,0.0053,0
2026-01-20T10:45:00,100000000.0,114886669.17,14886669.17,0,114886669.17,114886669.17,0.0,0.0053,0
2026-01-20T10:50:00,100000000.0,114886669.17,14886669.17,0,114886669.17,114886669.17,0.0,0.0053,0
2026-01-20T10:55:00,100000000.0,114886669.17,14886669.17,0,114886669.17,114886669.17,0.0,0.0053,0
2026-01-20T11:00:00,100000000.0,114886669.17,14886669.17,0,114886669.17,114886669.17,0.0,0.0053,0
2026-01-20T11:05:00,100000000.0,114886669.17,14886669.17,0,114886669.17,114886669.17,0.0,0.0053,0
2026-01-20T11:10:00,100000000.0,114886669.17,14886669.17,0,114886669.17,114886669.17,0.0,0.0053,0
2026-01-20T11:15:00,100000000.0,114886669.17,14886669.17,0,114886669.17,114886669.17,0.0,0.0053,0
2026-01-20T11:20:00,100000000.0,114886669.17,14886669.17,0,114886669.17,114886669.17,0.0,0.0053,0
2026-01-20T11:25:00,100000000.0,114886669.17,14886669.17,0,114886669.17,114886669.17,0.0,0.0053,0
2026-01-20T11:30:00,100000000.0,114886669.17,14886669.17,0,114886669.17,114886669.17,0.0,0.0053,0
2026-01-20T11:35:00,100000000.0,114886669.17,14886669.17,0,114886669.17,114886669.17,0.0,0.0053,0
2026-01-20T11:40:00,100000000.0,114886669.17,14886669.17,0,114886669.17,114886669.17,0.0,0.0053,0
2026-01-20T11:45:00,100000000.0,114886669.17,14886669.17,0,114886669.17,114886669.17,0.0,0.0053,0
2026-01-20T11:50:00,100000000.0,114886669.17,14886669.17,0,114886669.17,114886669.17,0.0,0.0053,0
2026-01-20T11:55:00,100000000.0,114886669.17,14886669.17,0,114886669.17,114886669.17,0.0,0.0053,0
2026-01-20T12:00:00,100000000.0,114886669.17,14886669.17,0,114886669.17,114886669.17,0.0,0.0053,0
2026-01-20T12:05:00,100000000.0,114886669.17,14886669.17,0,114886669.17,114886669.17,0.0,0.0053,0
2026-01-20T12:10:00,100000000.0,114886669.17,14886669.17,0,114886669.17,114886669.17,0.0,0.0053,0
2026-01-20T12:15:00,100000000.0,114886669.17,14886669.17,0,114886669.17,114886669.17,0.0,0.0053,0
2026-01-20T12:20:00,100000000.0,114886669.17,14886669.17,0,114886669.17,114886669.17,0.0,0.0053,0
2026-01-20T12:25:00,100000000.0,114886669.17,14886669.17,0,114886669.17,114886669.17,0.0,0.0053,0
2026-01-20T12:30:00,100000000.0,114886669.17,14886669.17,0,114886669.17,114886669.17,0.0,0.0053,0
2026-01-20T12:35:00,100000000.0,114886669.17,14886669.17,0,114886669.17,114886669.17,0.0,0.0053,0
2026-01-20T12:40:00,100000000.0,114886669.17,14886669.17,0,114886669.17,114886669.17,0.0,0.0053,0
2026-01-20T12:45:00,100000000.0,114886669.17,14886669.17,0,114886669.17,114886669.17,0.0,0.0053,0
2026-01-20T12:50:00,100000000.0,114886669.17,14886669.17,0,114886669.17,114886669.17,0.0,0.0053,0
2026-01-20T12:55:00,100000000.0,114886669.17,14886669.17,0,114886669.17,114886669.17,0.0,0.0053,0
2026-01-20T13:00:00,100000000.0,114886669.17,14886669.17,0,114886669.17,114886669.17,0.0,0.0053,0
2026-01-20T13:05:00,100000000.0,114886669.17,14886669.17,0,114886669.17,114886669.17,0.0,0.0053,0
2026-01-20T13:10:00,100000000.0,114886669.17,14886669.17,0,114886669.17,114886669.17,0.0,0.0053,0
2026-01-20T13:15:00,100000000.0,114886669.17,14886669.17,0,114886669.17,114886669.17,0.0,0.0053,0
2026-01-20T13:20:00,100000000.0,114886669.17,14886669.17,0,114886669.17,114886669.17,0.0,0.0053,0
2026-01-20T13:25:00,100000000.0,114886669.17,14886669.17,0,114886669.17,114886669.17,0.0,0.0053,0
2026-01-20T13:30:00,100000000.0,114886669.17,14886669.17,0,114886669.17,114886669.17,0.0,0.0053,0
2026-01-20T13:35:00,100000000.0,114886669.17,14886669.17,0,114886669.17,114886669.17,0.0,0.0053,0
2026-01-20T13:40:00,100000000.0,114886669.17,14886669.17,0,114886669.17,114886669.17,0.0,0.0053,0
2026-01-20T13:45:00,100000000.0,114886669.17,14886669.17,0,114886669.17,114886669.17,0.0,0.0053,0
2026-01-20T13:50:00,100000000.0,114886669.17,14886669.17,0,114886669.17,114886669.17,0.0,0.0053,0
2026-01-20T13:55:00,100000000.0,114886669.17,14886669.17,0,114886669.17,114886669.17,0.0,0.0053,0
2026-01-20T14:00:00,100000000.0,114886669.17,14886669.17,0,114886669.17,114886669.17,0.0,0.0053,0
2026-01-20T14:05:00,100000000.0,114886669.17,14886669.17,0,114886669.17,114886669.17,0.0,0.0053,0
2026-01-20T14:10:00,100000000.0,114886669.17,14886669.17,0,114886669.17,114886669.17,0.0,0.0053,0
2026-01-20T14:15:00,100000000.0,114886669.17,14886669.17,0,114886669.17,114886669.17,0.0,0.0053,0
2026-01-20T14:20:00,100000000.0,114886669.17,14886669.17,0,114886669.17,114886669.17,0.0,0.0053,0
2026-01-20T14:25:00,100000000.0,114886669.17,14886669.17,0,114886669.17,114886669.17,0.0,0.0053,0
2026-01-20T14:30:00,100000000.0,114886669.17,14886669.17,0,114886669.17,114886669.17,0.0,0.0053,0
2026-01-20T14:35:00,100000000.0,114886669.17,14886669.17,0,114886669.17,114886669.17,0.0,0.0053,0
2026-01-20T14:40:00,100000000.0,114886669.17,14886669.17,0,114886669.17,114886669.17,0.0,0.0053,0
2026-01-20T14:45:00,100000000.0,114886669.17,14886669.17,0,114886669.17,114886669.17,0.0,0.0053,0
2026-01-20T14:50:00,100000000.0,114886669.17,14886669.17,0,114886669.17,114886669.17,0.0,0.0053,0
2026-01-20T14:55:00,100000000.0,114886669.17,14886669.17,0,114886669.17,114886669.17,0.0,0.0053,0
2026-01-20T15:00:00,100000000.0,114886669.17,14886669.17,0,114886669.17,114886669.17,0.0,0.0053,0
2026-01-20T15:05:00,100000000.0,114886669.17,14886669.17,0,114886669.17,114886669.17,0.0,0.0053,0
2026-01-20T15:10:00,100000000.0,114886669.17,14886669.17,0,114886669.17,114886669.17,0.0,0.0053,0
2026-01-20T15:15:00,100000000.0,114886669.17,14886669.17,0,114886669.17,114886669.17,0.0,0.0053,0
2026-01-20T15:20:00,100000000.0,114886669.17,14886669.17,0,114886669.17,114886669.17,0.0,0.0053,0
2026-01-20T15:25:00,100000000.0,114886669.17,14886669.17,0,114886669.17,114886669.17,0.0,0.0053,0
2026-01-20T15:30:00,100000000.0,114886669.17,14886669.17,0,114886669.17,114886669.17,0.0,0.0053,0
2026-01-21T09:00:00,100000000.0,114886669.17,14886669.17,0,114886669.17,114886669.17,0.0,0.0053,0
2026-01-21T09:05:00,100000000.0,114886669.17,14886669.17,0,114886669.17,114886669.17,0.0,0.0053,0
2026-01-21T09:10:00,100000000.0,114886669.17,14886669.17,0,114886669.17,114886669.17,0.0,0.0053,0
2026-01-21T09:15:00,100000000.0,114886669.17,14886669.17,0,114886669.17,114886669.17,0.0,0.0053,0
2026-01-21T09:20:00,100000000.0,114886669.17,14886669.17,0,114886669.17,114886669.17,0.0,0.0053,0
2026-01-21T09:25:00,100000000.0,114886669.17,14886669.17,0,114886669.17,114886669.17,0.0,0.0053,0
2026-01-21T09:30:00,100000000.0,114886669.17,14886669.17,0,114886669.17,114886669.17,0.0,0.0053,0
2026-01-21T09:35:00,100000000.0,114886669.17,14886669.17,0,114886669.17,114886669.17,0.0,0.0053,0
2026-01-21T09:40:00,100000000.0,114886669.17,14886669.17,0,114886669.17,114886669.17,0.0,0.0053,0
2026-01-21T09:45:00,100000000.0,114886669.17,14886669.17,0,114886669.17,114886669.17,0.0,0.0053,0
2026-01-21T09:50:00,100000000.0,114886669.17,14886669.17,0,114886669.17,114886669.17,0.0,0.0053,0
2026-01-21T09:55:00,100000000.0,114886669.17,14886669.17,0,114886669.17,114886669.17,0.0,0.0053,0
2026-01-21T10:00:00,100000000.0,114886669.17,14886669.17,0,114886669.17,114886669.17,0.0,0.0053,0
2026-01-21T10:05:00,100000000.0,114886669.17,14886669.17,0,114886669.17,114886669.17,0.0,0.0053,0
2026-01-21T10:10:00,100000000.0,114886669.17,14886669.17,0,114886669.17,114886669.17,0.0,0.0053,0
2026-01-21T10:15:00,100000000.0,114886669.17,14886669.17,0,114886669.17,114886669.17,0.0,0.0053,0
2026-01-21T10:20:00,100000000.0,114886669.17,14886669.17,0,114886669.17,114886669.17,0.0,0.0053,0
2026-01-21T10:25:00,100000000.0,114886669.17,14886669.17,0,114886669.17,114886669.17,0.0,0.0053,0
2026-01-21T10:30:00,100000000.0,114886669.17,14886669.17,0,114886669.17,114886669.17,0.0,0.0053,0
2026-01-21T10:35:00,100000000.0,114886669.17,14886669.17,0,114886669.17,114886669.17,0.0,0.0053,0
2026-01-21T10:40:00,100000000.0,114886669.17,14886669.17,0,114886669.17,114886669.17,0.0,0.0053,0
2026-01-21T10:45:00,100000000.0,114886669.17,14886669.17,0,114886669.17,114886669.17,0.0,0.0053,0
2026-01-21T10:50:00,100000000.0,114886669.17,14886669.17,0,114886669.17,114886669.17,0.0,0.0053,0
2026-01-21T10:55:00,100000000.0,114886669.17,14886669.17,0,114886669.17,114886669.17,0.0,0.0053,0
2026-01-21T11:00:00,100000000.0,114886669.17,14886669.17,0,114886669.17,114886669.17,0.0,0.0053,0
2026-01-21T11:05:00,100000000.0,114886669.17,14886669.17,0,114886669.17,114886669.17,0.0,0.0053,0
2026-01-21T11:10:00,100000000.0,114886669.17,14886669.17,0,114886669.17,114886669.17,0.0,0.0053,0
2026-01-21T11:15:00,100000000.0,114886669.17,14886669.17,0,114886669.17,114886669.17,0.0,0.0053,0
2026-01-21T11:20:00,100000000.0,114886669.17,14886669.17,0,114886669.17,114886669.17,0.0,0.0053,0
2026-01-21T11:25:00,100000000.0,114886669.17,14886669.17,0,114886669.17,114886669.17,0.0,0.0053,0
2026-01-21T11:30:00,100000000.0,114886669.17,14886669.17,0,114886669.17,114886669.17,0.0,0.0053,0
2026-01-21T11:35:00,100000000.0,114886669.17,14886669.17,0,114886669.17,114886669.17,0.0,0.0053,0
2026-01-21T11:40:00,100000000.0,114886669.17,14886669.17,0,114886669.17,114886669.17,0.0,0.0053,0
2026-01-21T11:45:00,100000000.0,114886669.17,14886669.17,0,114886669.17,114886669.17,0.0,0.0053,0
2026-01-21T11:50:00,100000000.0,114886669.17,14886669.17,0,114886669.17,114886669.17,0.0,0.0053,0
2026-01-21T11:55:00,100000000.0,114886669.17,14886669.17,0,114886669.17,114886669.17,0.0,0.0053,0
2026-01-21T12:00:00,100000000.0,114886669.17,14886669.17,0,114886669.17,114886669.17,0.0,0.0053,0
2026-01-21T12:05:00,100000000.0,114886669.17,14886669.17,0,114886669.17,114886669.17,0.0,0.0053,0
2026-01-21T12:10:00,100000000.0,114886669.17,14886669.17,0,114886669.17,114886669.17,0.0,0.0053,0
2026-01-21T12:15:00,100000000.0,114886669.17,14886669.17,0,114886669.17,114886669.17,0.0,0.0053,0
2026-01-21T12:20:00,100000000.0,114886669.17,14886669.17,0,114886669.17,114886669.17,0.0,0.0053,0
2026-01-21T12:25:00,100000000.0,114886669.17,14886669.17,0,114886669.17,114886669.17,0.0,0.0053,0
2026-01-21T12:30:00,100000000.0,114886669.17,14886669.17,0,114886669.17,114886669.17,0.0,0.0053,0
2026-01-21T12:35:00,100000000.0,114886669.17,14886669.17,0,114886669.17,114886669.17,0.0,0.0053,0
2026-01-21T12:40:00,100000000.0,114886669.17,14886669.17,0,114886669.17,114886669.17,0.0,0.0053,0
2026-01-21T12:45:00,100000000.0,114886669.17,14886669.17,0,114886669.17,114886669.17,0.0,0.0053,0
2026-01-21T12:50:00,100000000.0,114886669.17,14886669.17,0,114886669.17,114886669.17,0.0,0.0053,0
2026-01-21T12:55:00,100000000.0,114886669.17,14886669.17,0,114886669.17,114886669.17,0.0,0.0053,0
2026-01-21T13:00:00,100000000.0,114886669.17,14886669.17,0,114886669.17,114886669.17,0.0,0.0053,0
2026-01-21T13:05:00,100000000.0,114886669.17,14886669.17,0,114886669.17,114886669.17,0.0,0.0053,0
2026-01-21T13:10:00,100000000.0,114886669.17,14886669.17,0,114886669.17,114886669.17,0.0,0.0053,0
2026-01-21T13:15:00,100000000.0,114886669.17,14886669.17,0,114886669.17,114886669.17,0.0,0.0053,0
2026-01-21T13:20:00,100000000.0,114886669.17,14886669.17,0,114886669.17,114886669.17,0.0,0.0053,0
2026-01-21T13:25:00,100000000.0,114886669.17,14886669.17,0,114886669.17,114886669.17,0.0,0.0053,0
2026-01-21T13:30:00,100000000.0,114886669.17,14886669.17,0,114886669.17,114886669.17,0.0,0.0053,0
2026-01-21T13:35:00,100000000.0,114886669.17,14886669.17,0,114886669.17,114886669.17,0.0,0.0053,0
2026-01-21T13:40:00,100000000.0,114886669.17,14886669.17,0,114886669.17,114886669.17,0.0,0.0053,0
2026-01-21T13:45:00,100000000.0,114886669.17,14886669.17,0,114886669.17,114886669.17,0.0,0.0053,0
2026-01-21T13:50:00,100000000.0,114886669.17,14886669.17,0,114886669.17,114886669.17,0.0,0.0053,0
2026-01-21T13:55:00,100000000.0,114886669.17,14886669.17,0,114886669.17,114886669.17,0.0,0.0053,0
2026-01-21T14:00:00,100000000.0,114886669.17,14886669.17,0,114886669.17,114886669.17,0.0,0.0053,0
2026-01-21T14:05:00,100000000.0,114886669.17,14886669.17,0,114886669.17,114886669.17,0.0,0.0053,0
2026-01-21T14:10:00,100000000.0,114886669.17,14886669.17,0,114886669.17,114886669.17,0.0,0.0053,0
2026-01-21T14:15:00,100000000.0,114886669.17,14886669.17,0,114886669.17,114886669.17,0.0,0.0053,0
2026-01-21T14:20:00,100000000.0,114886669.17,14886669.17,0,114886669.17,114886669.17,0.0,0.0053,0
2026-01-21T14:25:00,100000000.0,114886669.17,14886669.17,0,114886669.17,114886669.17,0.0,0.0053,0
2026-01-21T14:30:00,100000000.0,114886669.17,14886669.17,0,114886669.17,114886669.17,0.0,0.0053,0
2026-01-21T14:35:00,100000000.0,114886669.17,14886669.17,0,114886669.17,114886669.17,0.0,0.0053,0
2026-01-21T14:40:00,100000000.0,114886669.17,14886669.17,0,114886669.17,114886669.17,0.0,0.0053,0
2026-01-21T14:45:00,100000000.0,114886669.17,14886669.17,0,114886669.17,114886669.17,0.0,0.0053,0
2026-01-21T14:50:00,100000000.0,114886669.17,14886669.17,0,114886669.17,114886669.17,0.0,0.0053,0
2026-01-21T14:55:00,100000000.0,114886669.17,14886669.17,0,114886669.17,114886669.17,0.0,0.0053,0
2026-01-21T15:00:00,100000000.0,114886669.17,14886669.17,0,114886669.17,114886669.17,0.0,0.0053,0
2026-01-21T15:05:00,100000000.0,114886669.17,14886669.17,0,114886669.17,114886669.17,0.0,0.0053,0
2026-01-21T15:10:00,100000000.0,114886669.17,14886669.17,0,114886669.17,114886669.17,0.0,0.0053,0
2026-01-21T15:15:00,100000000.0,114886669.17,14886669.17,0,114886669.17,114886669.17,0.0,0.0053,0
2026-01-21T15:20:00,100000000.0,114886669.17,14886669.17,0,114886669.17,114886669.17,0.0,0.0053,0
2026-01-21T15:25:00,100000000.0,114886669.17,14886669.17,0,114886669.17,114886669.17,0.0,0.0053,0
2026-01-21T15:30:00,100000000.0,114886669.17,14886669.17,0,114886669.17,114886669.17,0.0,0.0053,0
2026-01-22T09:00:00,100000000.0,114886669.17,14886669.17,0,114886669.17,114886669.17,0.0,0.0053,0
2026-01-22T09:05:00,100000000.0,114886669.17,14886669.17,0,114886669.17,114886669.17,0.0,0.0053,0
2026-01-22T09:10:00,100000000.0,114886669.17,14886669.17,0,114886669.17,114886669.17,0.0,0.0053,0
2026-01-22T09:15:00,100000000.0,114886669.17,14886669.17,0,114886669.17,114886669.17,0.0,0.0053,0
2026-01-22T09:20:00,100000000.0,114886669.17,14886669.17,0,114886669.17,114886669.17,0.0,0.0053,0
2026-01-22T09:25:00,100000000.0,114886669.17,14886669.17,0,114886669.17,114886669.17,0.0,0.0053,0
2026-01-22T09:30:00,100000000.0,114886669.17,14886669.17,0,114886669.17,114886669.17,0.0,0.0053,0
2026-01-22T09:35:00,100000000.0,114886669.17,14886669.17,0,114886669.17,114886669.17,0.0,0.0053,0
2026-01-22T09:40:00,100000000.0,114886669.17,14886669.17,0,114886669.17,114886669.17,0.0,0.0053,0
2026-01-22T09:45:00,100000000.0,114886669.17,14886669.17,0,114886669.17,114886669.17,0.0,0.0053,0
2026-01-22T09:50:00,100000000.0,114886669.17,14886669.17,0,114886669.17,114886669.17,0.0,0.0053,0
2026-01-22T09:55:00,100000000.0,114886669.17,14886669.17,0,114886669.17,114886669.17,0.0,0.0053,0
2026-01-22T10:00:00,100000000.0,114886669.17,14886669.17,0,114886669.17,114886669.17,0.0,0.0053,0
2026-01-22T10:05:00,100000000.0,114886669.17,14886669.17,0,114886669.17,114886669.17,0.0,0.0053,0
2026-01-22T10:10:00,100000000.0,114886669.17,14886669.17,0,114886669.17,114886669.17,0.0,0.0053,0
2026-01-22T10:15:00,100000000.0,114886669.17,14886669.17,0,114886669.17,114886669.17,0.0,0.0053,0
2026-01-22T10:20:00,100000000.0,114886669.17,14886669.17,0,114886669.17,114886669.17,0.0,0.0053,0
2026-01-22T10:25:00,100000000.0,114886669.17,14886669.17,0,114886669.17,114886669.17,0.0,0.0053,0
2026-01-22T10:30:00,100000000.0,114886669.17,14886669.17,0,114886669.17,114886669.17,0.0,0.0053,0
2026-01-22T10:35:00,100000000.0,114886669.17,14886669.17,0,114886669.17,114886669.17,0.0,0.0053,0
2026-01-22T10:40:00,100000000.0,114886669.17,14886669.17,0,114886669.17,114886669.17,0.0,0.0053,0
2026-01-22T10:45:00,100000000.0,114886669.17,14886669.17,0,114886669.17,114886669.17,0.0,0.0053,0
2026-01-22T10:50:00,100000000.0,114886669.17,14886669.17,0,114886669.17,114886669.17,0.0,0.0053,0
2026-01-22T10:55:00,100000000.0,114886669.17,14886669.17,0,114886669.17,114886669.17,0.0,0.0053,0
2026-01-22T11:00:00,100000000.0,114886669.17,14886669.17,0,114886669.17,114886669.17,0.0,0.0053,0
2026-01-22T11:05:00,100000000.0,114886669.17,14886669.17,0,114886669.17,114886669.17,0.0,0.0053,0
2026-01-22T11:10:00,100000000.0,114886669.17,14886669.17,0,114886669.17,114886669.17,0.0,0.0053,0
2026-01-22T11:15:00,100000000.0,114886669.17,14886669.17,0,114886669.17,114886669.17,0.0,0.0053,0
2026-01-22T11:20:00,100000000.0,114886669.17,14886669.17,0,114886669.17,114886669.17,0.0,0.0053,0
2026-01-22T11:25:00,100000000.0,114886669.17,14886669.17,0,114886669.17,114886669.17,0.0,0.0053,0
2026-01-22T11:30:00,100000000.0,114886669.17,14886669.17,0,114886669.17,114886669.17,0.0,0.0053,0
2026-01-22T11:35:00,100000000.0,114886669.17,14886669.17,0,114886669.17,114886669.17,0.0,0.0053,0
2026-01-22T11:40:00,100000000.0,114886669.17,14886669.17,0,114886669.17,114886669.17,0.0,0.0053,0
2026-01-22T11:45:00,100000000.0,114886669.17,14886669.17,0,114886669.17,114886669.17,0.0,0.0053,0
2026-01-22T11:50:00,100000000.0,114886669.17,14886669.17,0,114886669.17,114886669.17,0.0,0.0053,0
2026-01-22T11:55:00,100000000.0,114886669.17,14886669.17,0,114886669.17,114886669.17,0.0,0.0053,0
2026-01-22T12:00:00,100000000.0,114886669.17,14886669.17,0,114886669.17,114886669.17,0.0,0.0053,0
2026-01-22T12:05:00,100000000.0,114886669.17,14886669.17,0,114886669.17,114886669.17,0.0,0.0053,0
2026-01-22T12:10:00,100000000.0,114886669.17,14886669.17,0,114886669.17,114886669.17,0.0,0.0053,0
2026-01-22T12:15:00,100000000.0,114886669.17,14886669.17,0,114886669.17,114886669.17,0.0,0.0053,0
2026-01-22T12:20:00,100000000.0,114886669.17,14886669.17,0,114886669.17,114886669.17,0.0,0.0053,0
2026-01-22T12:25:00,100000000.0,114886669.17,14886669.17,0,114886669.17,114886669.17,0.0,0.0053,0
2026-01-22T12:30:00,100000000.0,114886669.17,14886669.17,0,114886669.17,114886669.17,0.0,0.0053,0
2026-01-22T12:35:00,100000000.0,114886669.17,14886669.17,0,114886669.17,114886669.17,0.0,0.0053,0
2026-01-22T12:40:00,100000000.0,114886669.17,14886669.17,0,114886669.17,114886669.17,0.0,0.0053,0
2026-01-22T12:45:00,100000000.0,114886669.17,14886669.17,0,114886669.17,114886669.17,0.0,0.0053,0
2026-01-22T12:50:00,100000000.0,114886669.17,14886669.17,0,114886669.17,114886669.17,0.0,0.0053,0
2026-01-22T12:55:00,100000000.0,114886669.17,14886669.17,0,114886669.17,114886669.17,0.0,0.0053,0
2026-01-22T13:00:00,100000000.0,114886669.17,14886669.17,0,114886669.17,114886669.17,0.0,0.0053,0
2026-01-22T13:05:00,100000000.0,114886669.17,14886669.17,0,114886669.17,114886669.17,0.0,0.0053,0
2026-01-22T13:10:00,100000000.0,114886669.17,14886669.17,0,114886669.17,114886669.17,0.0,0.0053,0
2026-01-22T13:15:00,100000000.0,114886669.17,14886669.17,0,114886669.17,114886669.17,0.0,0.0053,0
2026-01-22T13:20:00,100000000.0,114886669.17,14886669.17,0,114886669.17,114886669.17,0.0,0.0053,0
2026-01-22T13:25:00,100000000.0,114886669.17,14886669.17,0,114886669.17,114886669.17,0.0,0.0053,0
2026-01-22T13:30:00,100000000.0,114886669.17,14886669.17,0,114886669.17,114886669.17,0.0,0.0053,0
2026-01-22T13:35:00,100000000.0,114886669.17,14886669.17,0,114886669.17,114886669.17,0.0,0.0053,0
2026-01-22T13:40:00,100000000.0,114886669.17,14886669.17,0,114886669.17,114886669.17,0.0,0.0053,0
2026-01-22T13:45:00,100000000.0,114886669.17,14886669.17,0,114886669.17,114886669.17,0.0,0.0053,0
2026-01-22T13:50:00,100000000.0,114886669.17,14886669.17,0,114886669.17,114886669.17,0.0,0.0053,0
2026-01-22T13:55:00,100000000.0,114886669.17,14886669.17,0,114886669.17,114886669.17,0.0,0.0053,0
2026-01-22T14:00:00,100000000.0,114886669.17,14886669.17,0,114886669.17,114886669.17,0.0,0.0053,0
2026-01-22T14:05:00,100000000.0,114886669.17,14886669.17,0,114886669.17,114886669.17,0.0,0.0053,0
2026-01-22T14:10:00,100000000.0,114886669.17,14886669.17,0,114886669.17,114886669.17,0.0,0.0053,0
2026-01-22T14:15:00,100000000.0,114886669.17,14886669.17,0,114886669.17,114886669.17,0.0,0.0053,0
2026-01-22T14:20:00,100000000.0,114886669.17,14886669.17,0,114886669.17,114886669.17,0.0,0.0053,0
2026-01-22T14:25:00,100000000.0,114886669.17,14886669.17,0,114886669.17,114886669.17,0.0,0.0053,0
2026-01-22T14:30:00,100000000.0,114886669.17,14886669.17,0,114886669.17,114886669.17,0.0,0.0053,0
2026-01-22T14:35:00,100000000.0,114886669.17,14886669.17,0,114886669.17,114886669.17,0.0,0.0053,0
2026-01-22T14:40:00,100000000.0,114886669.17,14886669.17,0,114886669.17,114886669.17,0.0,0.0053,0
2026-01-22T14:45:00,100000000.0,114886669.17,14886669.17,0,114886669.17,114886669.17,0.0,0.0053,0
2026-01-22T14:50:00,100000000.0,114886669.17,14886669.17,0,114886669.17,114886669.17,0.0,0.0053,0
2026-01-22T14:55:00,100000000.0,114886669.17,14886669.17,0,114886669.17,114886669.17,0.0,0.0053,0
2026-01-22T15:00:00,100000000.0,114886669.17,14886669.17,0,114886669.17,114886669.17,0.0,0.0053,0
2026-01-22T15:05:00,100000000.0,114886669.17,14886669.17,0,114886669.17,114886669.17,0.0,0.0053,0
2026-01-22T15:10:00,100000000.0,114886669.17,14886669.17,0,114886669.17,114886669.17,0.0,0.0053,0
2026-01-22T15:15:00,100000000.0,114886669.17,14886669.17,0,114886669.17,114886669.17,0.0,0.0053,0
2026-01-22T15:20:00,100000000.0,114886669.17,14886669.17,0,114886669.17,114886669.17,0.0,0.0053,0
2026-01-22T15:25:00,100000000.0,114886669.17,14886669.17,0,114886669.17,114886669.17,0.0,0.0053,0
2026-01-22T15:30:00,100000000.0,114886669.17,14886669.17,0,114886669.17,114886669.17,0.0,0.0053,0
2026-01-23T09:00:00,100000000.0,114886669.17,14886669.17,0,114886669.17,114886669.17,0.0,0.0053,0
2026-01-23T09:05:00,100000000.0,114886669.17,14886669.17,0,114886669.17,114886669.17,0.0,0.0053,0
2026-01-23T09:10:00,100000000.0,114886669.17,14886669.17,0,114886669.17,114886669.17,0.0,0.0053,0
2026-01-23T09:15:00,100000000.0,114886669.17,14886669.17,0,114886669.17,114886669.17,0.0,0.0053,0
2026-01-23T09:20:00,100000000.0,114886669.17,14886669.17,0,114886669.17,114886669.17,0.0,0.0053,0
2026-01-23T09:25:00,100000000.0,114886669.17,14886669.17,0,114886669.17,114886669.17,0.0,0.0053,0
2026-01-23T09:30:00,100000000.0,114886669.17,14886669.17,0,114886669.17,114886669.17,0.0,0.0053,0
2026-01-23T09:35:00,100000000.0,114886669.17,14886669.17,0,114886669.17,114886669.17,0.0,0.0053,0
2026-01-23T09:40:00,100000000.0,114886669.17,14886669.17,0,114886669.17,114886669.17,0.0,0.0053,0
2026-01-23T09:45:00,100000000.0,114886669.17,14886669.17,0,114886669.17,114886669.17,0.0,0.0053,0
2026-01-23T09:50:00,100000000.0,114886669.17,14886669.17,0,114886669.17,114886669.17,0.0,0.0053,0
2026-01-23T09:55:00,100000000.0,114886669.17,14886669.17,0,114886669.17,114886669.17,0.0,0.0053,0
2026-01-23T10:00:00,100000000.0,114886669.17,14886669.17,0,114886669.17,114886669.17,0.0,0.0053,0
2026-01-23T10:05:00,100000000.0,114886669.17,14886669.17,0,114886669.17,114886669.17,0.0,0.0053,0
2026-01-23T10:10:00,100000000.0,114886669.17,14886669.17,0,114886669.17,114886669.17,0.0,0.0053,0
2026-01-23T10:15:00,100000000.0,114886669.17,14886669.17,0,114886669.17,114886669.17,0.0,0.0053,0
2026-01-23T10:20:00,100000000.0,114886669.17,14886669.17,0,114886669.17,114886669.17,0.0,0.0053,0
2026-01-23T10:25:00,100000000.0,114886669.17,14886669.17,0,114886669.17,114886669.17,0.0,0.0053,0
2026-01-23T10:30:00,100000000.0,114886669.17,14886669.17,0,114886669.17,114886669.17,0.0,0.0053,0
2026-01-23T10:35:00,100000000.0,114886669.17,14886669.17,0,114886669.17,114886669.17,0.0,0.0053,0
2026-01-23T10:40:00,100000000.0,114886669.17,14886669.17,0,114886669.17,114886669.17,0.0,0.0053,0
2026-01-23T10:45:00,100000000.0,114886669.17,14886669.17,0,114886669.17,114886669.17,0.0,0.0053,0
2026-01-23T10:50:00,100000000.0,114886669.17,14886669.17,0,114886669.17,114886669.17,0.0,0.0053,0
2026-01-23T10:55:00,100000000.0,114886669.17,14886669.17,0,114886669.17,114886669.17,0.0,0.0053,0
2026-01-23T11:00:00,100000000.0,114886669.17,14886669.17,0,114886669.17,114886669.17,0.0,0.0053,0
2026-01-23T11:05:00,100000000.0,114886669.17,14886669.17,0,114886669.17,114886669.17,0.0,0.0053,0
2026-01-23T11:10:00,100000000.0,114886669.17,14886669.17,0,114886669.17,114886669.17,0.0,0.0053,0
2026-01-23T11:15:00,100000000.0,114886669.17,14886669.17,0,114886669.17,114886669.17,0.0,0.0053,0
2026-01-23T11:20:00,100000000.0,114886669.17,14886669.17,0,114886669.17,114886669.17,0.0,0.0053,0
2026-01-23T11:25:00,100000000.0,114886669.17,14886669.17,0,114886669.17,114886669.17,0.0,0.0053,0
2026-01-23T11:30:00,100000000.0,114886669.17,14886669.17,0,114886669.17,114886669.17,0.0,0.0053,0
2026-01-23T11:35:00,100000000.0,114886669.17,14886669.17,0,114886669.17,114886669.17,0.0,0.0053,0
2026-01-23T11:40:00,100000000.0,114886669.17,14886669.17,0,114886669.17,114886669.17,0.0,0.0053,0
2026-01-23T11:45:00,100000000.0,114886669.17,14886669.17,0,114886669.17,114886669.17,0.0,0.0053,0
2026-01-23T11:50:00,100000000.0,114886669.17,14886669.17,0,114886669.17,114886669.17,0.0,0.0053,0
2026-01-23T11:55:00,100000000.0,114886669.17,14886669.17,0,114886669.17,114886669.17,0.0,0.0053,0
2026-01-23T12:00:00,100000000.0,114886669.17,14886669.17,0,114886669.17,114886669.17,0.0,0.0053,0
2026-01-23T12:05:00,100000000.0,114886669.17,14886669.17,0,114886669.17,114886669.17,0.0,0.0053,0
2026-01-23T12:10:00,100000000.0,114886669.17,14886669.17,0,114886669.17,114886669.17,0.0,0.0053,0
2026-01-23T12:15:00,100000000.0,114886669.17,14886669.17,0,114886669.17,114886669.17,0.0,0.0053,0
2026-01-23T12:20:00,100000000.0,114886669.17,14886669.17,0,114886669.17,114886669.17,0.0,0.0053,0
2026-01-23T12:25:00,100000000.0,114886669.17,14886669.17,0,114886669.17,114886669.17,0.0,0.0053,0
2026-01-23T12:30:00,100000000.0,114886669.17,14886669.17,0,114886669.17,114886669.17,0.0,0.0053,0
2026-01-23T12:35:00,100000000.0,114886669.17,14886669.17,0,114886669.17,114886669.17,0.0,0.0053,0
2026-01-23T12:40:00,100000000.0,114886669.17,14886669.17,0,114886669.17,114886669.17,0.0,0.0053,0
2026-01-23T12:45:00,100000000.0,114886669.17,14886669.17,0,114886669.17,114886669.17,0.0,0.0053,0
2026-01-23T12:50:00,100000000.0,114886669.17,14886669.17,0,114886669.17,114886669.17,0.0,0.0053,0
2026-01-23T12:55:00,100000000.0,114886669.17,14886669.17,0,114886669.17,114886669.17,0.0,0.0053,0
2026-01-23T13:00:00,100000000.0,114886669.17,14886669.17,0,114886669.17,114886669.17,0.0,0.0053,0
2026-01-23T13:05:00,100000000.0,114886669.17,14886669.17,0,114886669.17,114886669.17,0.0,0.0053,0
2026-01-23T13:10:00,100000000.0,114886669.17,14886669.17,0,114886669.17,114886669.17,0.0,0.0053,0
2026-01-23T13:15:00,100000000.0,114886669.17,14886669.17,0,114886669.17,114886669.17,0.0,0.0053,0
2026-01-23T13:20:00,100000000.0,114886669.17,14886669.17,0,114886669.17,114886669.17,0.0,0.0053,0
2026-01-23T13:25:00,100000000.0,114886669.17,14886669.17,0,114886669.17,114886669.17,0.0,0.0053,0
2026-01-23T13:30:00,100000000.0,114886669.17,14886669.17,0,114886669.17,114886669.17,0.0,0.0053,0
2026-01-23T13:35:00,100000000.0,114886669.17,14886669.17,0,114886669.17,114886669.17,0.0,0.0053,0
2026-01-23T13:40:00,100000000.0,114886669.17,14886669.17,0,114886669.17,114886669.17,0.0,0.0053,0
2026-01-23T13:45:00,100000000.0,114886669.17,14886669.17,0,114886669.17,114886669.17,0.0,0.0053,0
2026-01-23T13:50:00,100000000.0,114886669.17,14886669.17,0,114886669.17,114886669.17,0.0,0.0053,0
2026-01-23T13:55:00,100000000.0,114886669.17,14886669.17,0,114886669.17,114886669.17,0.0,0.0053,0
2026-01-23T14:00:00,100000000.0,114886669.17,14886669.17,0,114886669.17,114886669.17,0.0,0.0053,0
2026-01-23T14:05:00,100000000.0,114886669.17,14886669.17,0,114886669.17,114886669.17,0.0,0.0053,0
2026-01-23T14:10:00,100000000.0,114886669.17,14886669.17,0,114886669.17,114886669.17,0.0,0.0053,0
2026-01-23T14:15:00,100000000.0,114886669.17,14886669.17,0,114886669.17,114886669.17,0.0,0.0053,0
2026-01-23T14:20:00,100000000.0,114886669.17,14886669.17,0,114886669.17,114886669.17,0.0,0.0053,0
2026-01-23T14:25:00,100000000.0,114886669.17,14886669.17,0,114886669.17,114886669.17,0.0,0.0053,0
2026-01-23T14:30:00,100000000.0,114886669.17,14886669.17,0,114886669.17,114886669.17,0.0,0.0053,0
2026-01-23T14:35:00,100000000.0,114886669.17,14886669.17,0,114886669.17,114886669.17,0.0,0.0053,0
2026-01-23T14:40:00,100000000.0,114886669.17,14886669.17,0,114886669.17,114886669.17,0.0,0.0053,0
2026-01-23T14:45:00,100000000.0,114886669.17,14886669.17,0,114886669.17,114886669.17,0.0,0.0053,0
2026-01-23T14:50:00,100000000.0,114886669.17,14886669.17,0,114886669.17,114886669.17,0.0,0.0053,0
2026-01-23T14:55:00,100000000.0,114886669.17,14886669.17,0,114886669.17,114886669.17,0.0,0.0053,0
2026-01-23T15:00:00,100000000.0,114886669.17,14886669.17,0,114886669.17,114886669.17,0.0,0.0053,0
2026-01-23T15:05:00,100000000.0,114886669.17,14886669.17,0,114886669.17,114886669.17,0.0,0.0053,0
2026-01-23T15:10:00,100000000.0,114886669.17,14886669.17,0,114886669.17,114886669.17,0.0,0.0053,0
2026-01-23T15:15:00,100000000.0,114886669.17,14886669.17,0,114886669.17,114886669.17,0.0,0.0053,0
2026-01-23T15:20:00,100000000.0,114886669.17,14886669.17,0,114886669.17,114886669.17,0.0,0.0053,0
2026-01-23T15:25:00,100000000.0,114886669.17,14886669.17,0,114886669.17,114886669.17,0.0,0.0053,0
2026-01-23T15:30:00,100000000.0,114886669.17,14886669.17,0,114886669.17,114886669.17,0.0,0.0053,0
2026-01-26T09:00:00,100000000.0,114886669.17,14886669.17,0,114886669.17,114886669.17,0.0,0.0053,0
2026-01-26T09:05:00,100000000.0,114886669.17,14886669.17,0,114886669.17,114886669.17,0.0,0.0053,0
2026-01-26T09:10:00,100000000.0,114886669.17,14886669.17,0,114886669.17,114886669.17,0.0,0.0053,0
2026-01-26T09:15:00,100000000.0,114886669.17,14886669.17,0,114886669.17,114886669.17,0.0,0.0053,0
2026-01-26T09:20:00,100000000.0,114886669.17,14886669.17,0,114886669.17,114886669.17,0.0,0.0053,0
2026-01-26T09:25:00,100000000.0,114886669.17,14886669.17,0,114886669.17,114886669.17,0.0,0.0053,0
2026-01-26T09:30:00,100000000.0,114886669.17,14886669.17,0,114886669.17,114886669.17,0.0,0.0053,0
2026-01-26T09:35:00,100000000.0,114886669.17,14886669.17,0,114886669.17,114886669.17,0.0,0.0053,0
2026-01-26T09:40:00,100000000.0,114886669.17,14886669.17,0,114886669.17,114886669.17,0.0,0.0053,0
2026-01-26T09:45:00,100000000.0,114886669.17,14886669.17,0,114886669.17,114886669.17,0.0,0.0053,0
2026-01-26T09:50:00,100000000.0,114886669.17,14886669.17,0,114886669.17,114886669.17,0.0,0.0053,0
2026-01-26T09:55:00,100000000.0,114886669.17,14886669.17,0,114886669.17,114886669.17,0.0,0.0053,0
2026-01-26T10:00:00,100000000.0,114886669.17,14886669.17,0,114886669.17,114886669.17,0.0,0.0053,0
2026-01-26T10:05:00,100000000.0,114886669.17,14886669.17,0,114886669.17,114886669.17,0.0,0.0053,0
2026-01-26T10:10:00,100000000.0,114886669.17,14886669.17,0,114886669.17,114886669.17,0.0,0.0053,0
2026-01-26T10:15:00,100000000.0,114886669.17,14886669.17,0,114886669.17,114886669.17,0.0,0.0053,0
2026-01-26T10:20:00,100000000.0,114886669.17,14886669.17,0,114886669.17,114886669.17,0.0,0.0053,0
2026-01-26T10:25:00,100000000.0,114886669.17,14886669.17,0,114886669.17,114886669.17,0.0,0.0053,0
2026-01-26T10:30:00,100000000.0,114886669.17,14886669.17,0,114886669.17,114886669.17,0.0,0.0053,0
2026-01-26T10:35:00,100000000.0,114886669.17,14886669.17,0,114886669.17,114886669.17,0.0,0.0053,0
2026-01-26T10:40:00,100000000.0,114886669.17,14886669.17,0,114886669.17,114886669.17,0.0,0.0053,0
2026-01-26T10:45:00,100000000.0,114886669.17,14886669.17,0,114886669.17,114886669.17,0.0,0.0053,0
2026-01-26T10:50:00,100000000.0,114886669.17,14886669.17,0,114886669.17,114886669.17,0.0,0.0053,0
2026-01-26T10:55:00,100000000.0,114886669.17,14886669.17,0,114886669.17,114886669.17,0.0,0.0053,0
2026-01-26T11:00:00,100000000.0,114886669.17,14886669.17,0,114886669.17,114886669.17,0.0,0.0053,0
2026-01-26T11:05:00,100000000.0,114886669.17,14886669.17,0,114886669.17,114886669.17,0.0,0.0053,0
2026-01-26T11:10:00,100000000.0,114886669.17,14886669.17,0,114886669.17,114886669.17,0.0,0.0053,0
2026-01-26T11:15:00,100000000.0,114886669.17,14886669.17,0,114886669.17,114886669.17,0.0,0.0053,0
2026-01-26T11:20:00,100000000.0,114886669.17,14886669.17,0,114886669.17,114886669.17,0.0,0.0053,0
2026-01-26T11:25:00,100000000.0,114886669.17,14886669.17,0,114886669.17,114886669.17,0.0,0.0053,0
2026-01-26T11:30:00,100000000.0,114886669.17,14886669.17,0,114886669.17,114886669.17,0.0,0.0053,0
2026-01-26T11:35:00,100000000.0,114886669.17,14886669.17,0,114886669.17,114886669.17,0.0,0.0053,0
2026-01-26T11:40:00,100000000.0,114886669.17,14886669.17,0,114886669.17,114886669.17,0.0,0.0053,0
2026-01-26T11:45:00,100000000.0,114886669.17,14886669.17,0,114886669.17,114886669.17,0.0,0.0053,0
2026-01-26T11:50:00,100000000.0,114886669.17,14886669.17,0,114886669.17,114886669.17,0.0,0.0053,0
2026-01-26T11:55:00,100000000.0,114886669.17,14886669.17,0,114886669.17,114886669.17,0.0,0.0053,0
2026-01-26T12:00:00,100000000.0,114886669.17,14886669.17,0,114886669.17,114886669.17,0.0,0.0053,0
2026-01-26T12:05:00,100000000.0,114886669.17,14886669.17,0,114886669.17,114886669.17,0.0,0.0053,0
2026-01-26T12:10:00,100000000.0,114886669.17,14886669.17,0,114886669.17,114886669.17,0.0,0.0053,0
2026-01-26T12:15:00,100000000.0,114886669.17,14886669.17,0,114886669.17,114886669.17,0.0,0.0053,0
2026-01-26T12:20:00,100000000.0,114886669.17,14886669.17,0,114886669.17,114886669.17,0.0,0.0053,0
2026-01-26T12:25:00,100000000.0,114886669.17,14886669.17,0,114886669.17,114886669.17,0.0,0.0053,0
2026-01-26T12:30:00,100000000.0,114886669.17,14886669.17,0,114886669.17,114886669.17,0.0,0.0053,0
2026-01-26T12:35:00,100000000.0,114886669.17,14886669.17,0,114886669.17,114886669.17,0.0,0.0053,0
2026-01-26T12:40:00,100000000.0,114886669.17,14886669.17,0,114886669.17,114886669.17,0.0,0.0053,0
2026-01-26T12:45:00,100000000.0,114886669.17,14886669.17,0,114886669.17,114886669.17,0.0,0.0053,0
2026-01-26T12:50:00,100000000.0,114886669.17,14886669.17,0,114886669.17,114886669.17,0.0,0.0053,0
2026-01-26T12:55:00,100000000.0,114886669.17,14886669.17,0,114886669.17,114886669.17,0.0,0.0053,0
2026-01-26T13:00:00,100000000.0,114886669.17,14886669.17,0,114886669.17,114886669.17,0.0,0.0053,0
2026-01-26T13:05:00,100000000.0,114886669.17,14886669.17,0,114886669.17,114886669.17,0.0,0.0053,0
2026-01-26T13:10:00,100000000.0,114886669.17,14886669.17,0,114886669.17,114886669.17,0.0,0.0053,0
2026-01-26T13:15:00,100000000.0,114886669.17,14886669.17,0,114886669.17,114886669.17,0.0,0.0053,0
2026-01-26T13:20:00,100000000.0,114886669.17,14886669.17,0,114886669.17,114886669.17,0.0,0.0053,0
2026-01-26T13:25:00,100000000.0,114886669.17,14886669.17,0,114886669.17,114886669.17,0.0,0.0053,0
2026-01-26T13:30:00,100000000.0,114886669.17,14886669.17,0,114886669.17,114886669.17,0.0,0.0053,0
2026-01-26T13:35:00,100000000.0,114886669.17,14886669.17,0,114886669.17,114886669.17,0.0,0.0053,0
2026-01-26T13:40:00,100000000.0,114886669.17,14886669.17,0,114886669.17,114886669.17,0.0,0.0053,0
2026-01-26T13:45:00,100000000.0,114886669.17,14886669.17,0,114886669.17,114886669.17,0.0,0.0053,0
2026-01-26T13:50:00,100000000.0,114886669.17,14886669.17,0,114886669.17,114886669.17,0.0,0.0053,0
2026-01-26T13:55:00,100000000.0,114886669.17,14886669.17,0,114886669.17,114886669.17,0.0,0.0053,0
2026-01-26T14:00:00,100000000.0,114886669.17,14886669.17,0,114886669.17,114886669.17,0.0,0.0053,0
2026-01-26T14:05:00,100000000.0,114886669.17,14886669.17,0,114886669.17,114886669.17,0.0,0.0053,0
2026-01-26T14:10:00,100000000.0,114886669.17,14886669.17,0,114886669.17,114886669.17,0.0,0.0053,0
2026-01-26T14:15:00,100000000.0,114886669.17,14886669.17,0,114886669.17,114886669.17,0.0,0.0053,0
2026-01-26T14:20:00,100000000.0,114886669.17,14886669.17,0,114886669.17,114886669.17,0.0,0.0053,0
2026-01-26T14:25:00,100000000.0,114886669.17,14886669.17,0,114886669.17,114886669.17,0.0,0.0053,0
2026-01-26T14:30:00,100000000.0,114886669.17,14886669.17,0,114886669.17,114886669.17,0.0,0.0053,0
2026-01-26T14:35:00,100000000.0,114886669.17,14886669.17,0,114886669.17,114886669.17,0.0,0.0053,0
2026-01-26T14:40:00,100000000.0,114886669.17,14886669.17,0,114886669.17,114886669.17,0.0,0.0053,0
2026-01-26T14:45:00,100000000.0,114886669.17,14886669.17,0,114886669.17,114886669.17,0.0,0.0053,0
2026-01-26T14:50:00,100000000.0,114886669.17,14886669.17,0,114886669.17,114886669.17,0.0,0.0053,0
2026-01-26T14:55:00,100000000.0,114886669.17,14886669.17,0,114886669.17,114886669.17,0.0,0.0053,0
2026-01-26T15:00:00,100000000.0,114886669.17,14886669.17,0,114886669.17,114886669.17,0.0,0.0053,0
2026-01-26T15:05:00,100000000.0,114886669.17,14886669.17,0,114886669.17,114886669.17,0.0,0.0053,0
2026-01-26T15:10:00,100000000.0,114886669.17,14886669.17,0,114886669.17,114886669.17,0.0,0.0053,0
2026-01-26T15:15:00,100000000.0,114886669.17,14886669.17,0,114886669.17,114886669.17,0.0,0.0053,0
2026-01-26T15:20:00,100000000.0,114886669.17,14886669.17,0,114886669.17,114886669.17,0.0,0.0053,0
2026-01-26T15:25:00,100000000.0,114886669.17,14886669.17,0,114886669.17,114886669.17,0.0,0.0053,0
2026-01-26T15:30:00,100000000.0,114886669.17,14886669.17,0,114886669.17,114886669.17,0.0,0.0053,0
2026-01-27T09:00:00,100000000.0,114886669.17,14886669.17,0,114886669.17,114886669.17,0.0,0.0053,0
2026-01-27T09:05:00,100000000.0,114886669.17,14886669.17,0,114886669.17,114886669.17,0.0,0.0053,0
2026-01-27T09:10:00,100000000.0,114886669.17,14886669.17,0,114886669.17,114886669.17,0.0,0.0053,0
2026-01-27T09:15:00,100000000.0,114886669.17,14886669.17,0,114886669.17,114886669.17,0.0,0.0053,0
2026-01-27T09:20:00,100000000.0,114886669.17,14886669.17,0,114886669.17,114886669.17,0.0,0.0053,0
2026-01-27T09:25:00,100000000.0,114886669.17,14886669.17,0,114886669.17,114886669.17,0.0,0.0053,0
2026-01-27T09:30:00,100000000.0,114886669.17,14886669.17,0,114886669.17,114886669.17,0.0,0.0053,0
2026-01-27T09:35:00,100000000.0,114886669.17,14886669.17,0,114886669.17,114886669.17,0.0,0.0053,0
2026-01-27T09:40:00,100000000.0,114886669.17,14886669.17,0,114886669.17,114886669.17,0.0,0.0053,0
2026-01-27T09:45:00,100000000.0,114886669.17,14886669.17,0,114886669.17,114886669.17,0.0,0.0053,0
2026-01-27T09:50:00,100000000.0,114886669.17,14886669.17,0,114886669.17,114886669.17,0.0,0.0053,0
2026-01-27T09:55:00,100000000.0,114886669.17,14886669.17,0,114886669.17,114886669.17,0.0,0.0053,0
2026-01-27T10:00:00,100000000.0,114886669.17,14886669.17,0,114886669.17,114886669.17,0.0,0.0053,0
2026-01-27T10:05:00,100000000.0,114886669.17,14886669.17,0,114886669.17,114886669.17,0.0,0.0053,0
2026-01-27T10:10:00,100000000.0,114886669.17,14886669.17,0,114886669.17,114886669.17,0.0,0.0053,0
2026-01-27T10:15:00,100000000.0,114886669.17,14886669.17,0,114886669.17,114886669.17,0.0,0.0053,0
2026-01-27T10:20:00,100000000.0,114886669.17,14886669.17,0,114886669.17,114886669.17,0.0,0.0053,0
2026-01-27T10:25:00,100000000.0,114886669.17,14886669.17,0,114886669.17,114886669.17,0.0,0.0053,0
2026-01-27T10:30:00,100000000.0,114886669.17,14886669.17,0,114886669.17,114886669.17,0.0,0.0053,0
2026-01-27T10:35:00,100000000.0,114886669.17,14886669.17,0,114886669.17,114886669.17,0.0,0.0053,0
2026-01-27T10:40:00,100000000.0,114886669.17,14886669.17,0,114886669.17,114886669.17,0.0,0.0053,0
2026-01-27T10:45:00,100000000.0,114886669.17,14886669.17,0,114886669.17,114886669.17,0.0,0.0053,0
2026-01-27T10:50:00,100000000.0,114886669.17,14886669.17,0,114886669.17,114886669.17,0.0,0.0053,0
2026-01-27T10:55:00,100000000.0,114886669.17,14886669.17,0,114886669.17,114886669.17,0.0,0.0053,0
2026-01-27T11:00:00,100000000.0,114886669.17,14886669.17,0,114886669.17,114886669.17,0.0,0.0053,0
2026-01-27T11:05:00,100000000.0,114886669.17,14886669.17,0,114886669.17,114886669.17,0.0,0.0053,0
2026-01-27T11:10:00,100000000.0,114886669.17,14886669.17,0,114886669.17,114886669.17,0.0,0.0053,0
2026-01-27T11:15:00,100000000.0,114886669.17,14886669.17,0,114886669.17,114886669.17,0.0,0.0053,0
2026-01-27T11:20:00,100000000.0,114886669.17,14886669.17,0,114886669.17,114886669.17,0.0,0.0053,0
2026-01-27T11:25:00,100000000.0,114886669.17,14886669.17,0,114886669.17,114886669.17,0.0,0.0053,0
2026-01-27T11:30:00,100000000.0,114886669.17,14886669.17,0,114886669.17,114886669.17,0.0,0.0053,0
2026-01-27T11:35:00,100000000.0,114886669.17,14886669.17,0,114886669.17,114886669.17,0.0,0.0053,0
2026-01-27T11:40:00,100000000.0,114886669.17,14886669.17,0,114886669.17,114886669.17,0.0,0.0053,0
2026-01-27T11:45:00,100000000.0,114886669.17,14886669.17,0,114886669.17,114886669.17,0.0,0.0053,0
2026-01-27T11:50:00,100000000.0,114886669.17,14886669.17,0,114886669.17,114886669.17,0.0,0.0053,0
2026-01-27T11:55:00,100000000.0,114886669.17,14886669.17,0,114886669.17,114886669.17,0.0,0.0053,0
2026-01-27T12:00:00,100000000.0,114886669.17,14886669.17,0,114886669.17,114886669.17,0.0,0.0053,0
2026-01-27T12:05:00,100000000.0,114886669.17,14886669.17,0,114886669.17,114886669.17,0.0,0.0053,0
2026-01-27T12:10:00,100000000.0,114886669.17,14886669.17,0,114886669.17,114886669.17,0.0,0.0053,0
2026-01-27T12:15:00,100000000.0,114886669.17,14886669.17,0,114886669.17,114886669.17,0.0,0.0053,0
2026-01-27T12:20:00,100000000.0,114886669.17,14886669.17,0,114886669.17,114886669.17,0.0,0.0053,0
2026-01-27T12:25:00,100000000.0,114886669.17,14886669.17,0,114886669.17,114886669.17,0.0,0.0053,0
2026-01-27T12:30:00,100000000.0,114886669.17,14886669.17,0,114886669.17,114886669.17,0.0,0.0053,0
2026-01-27T12:35:00,100000000.0,114886669.17,14886669.17,0,114886669.17,114886669.17,0.0,0.0053,0
2026-01-27T12:40:00,100000000.0,114886669.17,14886669.17,0,114886669.17,114886669.17,0.0,0.0053,0
2026-01-27T12:45:00,100000000.0,114886669.17,14886669.17,0,114886669.17,114886669.17,0.0,0.0053,0
2026-01-27T12:50:00,100000000.0,114886669.17,14886669.17,0,114886669.17,114886669.17,0.0,0.0053,0
2026-01-27T12:55:00,100000000.0,114886669.17,14886669.17,0,114886669.17,114886669.17,0.0,0.0053,0
2026-01-27T13:00:00,100000000.0,114886669.17,14886669.17,0,114886669.17,114886669.17,0.0,0.0053,0
2026-01-27T13:05:00,100000000.0,114886669.17,14886669.17,0,114886669.17,114886669.17,0.0,0.0053,0
2026-01-27T13:10:00,100000000.0,114886669.17,14886669.17,0,114886669.17,114886669.17,0.0,0.0053,0
2026-01-27T13:15:00,100000000.0,114886669.17,14886669.17,0,114886669.17,114886669.17,0.0,0.0053,0
2026-01-27T13:20:00,100000000.0,114886669.17,14886669.17,0,114886669.17,114886669.17,0.0,0.0053,0
2026-01-27T13:25:00,100000000.0,114886669.17,14886669.17,0,114886669.17,114886669.17,0.0,0.0053,0
2026-01-27T13:30:00,100000000.0,114886669.17,14886669.17,0,114886669.17,114886669.17,0.0,0.0053,0
2026-01-27T13:35:00,100000000.0,114886669.17,14886669.17,0,114886669.17,114886669.17,0.0,0.0053,0
2026-01-27T13:40:00,100000000.0,114886669.17,14886669.17,0,114886669.17,114886669.17,0.0,0.0053,0
2026-01-27T13:45:00,100000000.0,114886669.17,14886669.17,0,114886669.17,114886669.17,0.0,0.0053,0
2026-01-27T13:50:00,100000000.0,114886669.17,14886669.17,0,114886669.17,114886669.17,0.0,0.0053,0
2026-01-27T13:55:00,100000000.0,114886669.17,14886669.17,0,114886669.17,114886669.17,0.0,0.0053,0
2026-01-27T14:00:00,100000000.0,114886669.17,14886669.17,0,114886669.17,114886669.17,0.0,0.0053,0
2026-01-27T14:05:00,100000000.0,114886669.17,14886669.17,0,114886669.17,114886669.17,0.0,0.0053,0
2026-01-27T14:10:00,100000000.0,114886669.17,14886669.17,0,114886669.17,114886669.17,0.0,0.0053,0
2026-01-27T14:15:00,100000000.0,114886669.17,14886669.17,0,114886669.17,114886669.17,0.0,0.0053,0
2026-01-27T14:20:00,100000000.0,114886669.17,14886669.17,0,114886669.17,114886669.17,0.0,0.0053,0
2026-01-27T14:25:00,100000000.0,114886669.17,14886669.17,0,114886669.17,114886669.17,0.0,0.0053,0
2026-01-27T14:30:00,100000000.0,114886669.17,14886669.17,0,114886669.17,114886669.17,0.0,0.0053,0
2026-01-27T14:35:00,100000000.0,114886669.17,14886669.17,0,114886669.17,114886669.17,0.0,0.0053,0
2026-01-27T14:40:00,100000000.0,114886669.17,14886669.17,0,114886669.17,114886669.17,0.0,0.0053,0
2026-01-27T14:45:00,100000000.0,114886669.17,14886669.17,0,114886669.17,114886669.17,0.0,0.0053,0
2026-01-27T14:50:00,100000000.0,114886669.17,14886669.17,0,114886669.17,114886669.17,0.0,0.0053,0
2026-01-27T14:55:00,100000000.0,114886669.17,14886669.17,0,114886669.17,114886669.17,0.0,0.0053,0
2026-01-27T15:00:00,100000000.0,114886669.17,14886669.17,0,114886669.17,114886669.17,0.0,0.0053,0
2026-01-27T15:05:00,100000000.0,114886669.17,14886669.17,0,114886669.17,114886669.17,0.0,0.0053,0
2026-01-27T15:10:00,100000000.0,114886669.17,14886669.17,0,114886669.17,114886669.17,0.0,0.0053,0
2026-01-27T15:15:00,100000000.0,114886669.17,14886669.17,0,114886669.17,114886669.17,0.0,0.0053,0
2026-01-27T15:20:00,100000000.0,114886669.17,14886669.17,0,114886669.17,114886669.17,0.0,0.0053,0
2026-01-27T15:25:00,100000000.0,114886669.17,14886669.17,0,114886669.17,114886669.17,0.0,0.0053,0
2026-01-27T15:30:00,100000000.0,114886669.17,14886669.17,0,114886669.17,114886669.17,0.0,0.0053,0
2026-01-28T09:00:00,100000000.0,114886669.17,14886669.17,0,114886669.17,114886669.17,0.0,0.0053,0
2026-01-28T09:05:00,100000000.0,114886669.17,14886669.17,0,114886669.17,114886669.17,0.0,0.0053,0
2026-01-28T09:10:00,100000000.0,114886669.17,14886669.17,0,114886669.17,114886669.17,0.0,0.0053,0
2026-01-28T09:15:00,100000000.0,114886669.17,14886669.17,0,114886669.17,114886669.17,0.0,0.0053,0
2026-01-28T09:20:00,100000000.0,114886669.17,14886669.17,0,114886669.17,114886669.17,0.0,0.0053,0
2026-01-28T09:25:00,100000000.0,114886669.17,14886669.17,0,114886669.17,114886669.17,0.0,0.0053,0
2026-01-28T09:30:00,100000000.0,114886669.17,14886669.17,0,114886669.17,114886669.17,0.0,0.0053,0
2026-01-28T09:35:00,100000000.0,114886669.17,14886669.17,0,114886669.17,114886669.17,0.0,0.0053,0
2026-01-28T09:40:00,100000000.0,114886669.17,14886669.17,0,114886669.17,114886669.17,0.0,0.0053,0
2026-01-28T09:45:00,100000000.0,114886669.17,14886669.17,0,114886669.17,114886669.17,0.0,0.0053,0
2026-01-28T09:50:00,100000000.0,114886669.17,14886669.17,0,114886669.17,114886669.17,0.0,0.0053,0
2026-01-28T09:55:00,100000000.0,114886669.17,14886669.17,0,114886669.17,114886669.17,0.0,0.0053,0
2026-01-28T10:00:00,100000000.0,114886669.17,14886669.17,0,114886669.17,114886669.17,0.0,0.0053,0
2026-01-28T10:05:00,100000000.0,114886669.17,14886669.17,0,114886669.17,114886669.17,0.0,0.0053,0
2026-01-28T10:10:00,100000000.0,114886669.17,14886669.17,0,114886669.17,114886669.17,0.0,0.0053,0
2026-01-28T10:15:00,100000000.0,114886669.17,14886669.17,0,114886669.17,114886669.17,0.0,0.0053,0
2026-01-28T10:20:00,100000000.0,114886669.17,14886669.17,0,114886669.17,114886669.17,0.0,0.0053,0
2026-01-28T10:25:00,100000000.0,114886669.17,14886669.17,0,114886669.17,114886669.17,0.0,0.0053,0
2026-01-28T10:30:00,100000000.0,114886669.17,14886669.17,0,114886669.17,114886669.17,0.0,0.0053,0
2026-01-28T10:35:00,100000000.0,114886669.17,14886669.17,0,114886669.17,114886669.17,0.0,0.0053,0
2026-01-28T10:40:00,100000000.0,114886669.17,14886669.17,0,114886669.17,114886669.17,0.0,0.0053,0
2026-01-28T10:45:00,100000000.0,114886669.17,14886669.17,0,114886669.17,114886669.17,0.0,0.0053,0
2026-01-28T10:50:00,100000000.0,114886669.17,14886669.17,0,114886669.17,114886669.17,0.0,0.0053,0
2026-01-28T10:55:00,100000000.0,114886669.17,14886669.17,0,114886669.17,114886669.17,0.0,0.0053,0
2026-01-28T11:00:00,100000000.0,114886669.17,14886669.17,0,114886669.17,114886669.17,0.0,0.0053,0
2026-01-28T11:05:00,100000000.0,114886669.17,14886669.17,0,114886669.17,114886669.17,0.0,0.0053,0
2026-01-28T11:10:00,100000000.0,114886669.17,14886669.17,0,114886669.17,114886669.17,0.0,0.0053,0
2026-01-28T11:15:00,100000000.0,114886669.17,14886669.17,0,114886669.17,114886669.17,0.0,0.0053,0
2026-01-28T11:20:00,100000000.0,114886669.17,14886669.17,0,114886669.17,114886669.17,0.0,0.0053,0
2026-01-28T11:25:00,100000000.0,114886669.17,14886669.17,0,114886669.17,114886669.17,0.0,0.0053,0
2026-01-28T11:30:00,100000000.0,114886669.17,14886669.17,0,114886669.17,114886669.17,0.0,0.0053,0
2026-01-28T11:35:00,100000000.0,114886669.17,14886669.17,0,114886669.17,114886669.17,0.0,0.0053,0
2026-01-28T11:40:00,100000000.0,114886669.17,14886669.17,0,114886669.17,114886669.17,0.0,0.0053,0
2026-01-28T11:45:00,100000000.0,114886669.17,14886669.17,0,114886669.17,114886669.17,0.0,0.0053,0
2026-01-28T11:50:00,100000000.0,114886669.17,14886669.17,0,114886669.17,114886669.17,0.0,0.0053,0
2026-01-28T11:55:00,100000000.0,114886669.17,14886669.17,0,114886669.17,114886669.17,0.0,0.0053,0
2026-01-28T12:00:00,100000000.0,114886669.17,14886669.17,0,114886669.17,114886669.17,0.0,0.0053,0
2026-01-28T12:05:00,100000000.0,114886669.17,14886669.17,0,114886669.17,114886669.17,0.0,0.0053,0
2026-01-28T12:10:00,100000000.0,114886669.17,14886669.17,0,114886669.17,114886669.17,0.0,0.0053,0
2026-01-28T12:15:00,100000000.0,114886669.17,14886669.17,0,114886669.17,114886669.17,0.0,0.0053,0
2026-01-28T12:20:00,100000000.0,114886669.17,14886669.17,0,114886669.17,114886669.17,0.0,0.0053,0
2026-01-28T12:25:00,100000000.0,114886669.17,14886669.17,0,114886669.17,114886669.17,0.0,0.0053,0
2026-01-28T12:30:00,100000000.0,114886669.17,14886669.17,0,114886669.17,114886669.17,0.0,0.0053,0
2026-01-28T12:35:00,100000000.0,114886669.17,14886669.17,0,114886669.17,114886669.17,0.0,0.0053,0
2026-01-28T12:40:00,100000000.0,114886669.17,14886669.17,0,114886669.17,114886669.17,0.0,0.0053,0
2026-01-28T12:45:00,100000000.0,114886669.17,14886669.17,0,114886669.17,114886669.17,0.0,0.0053,0
2026-01-28T12:50:00,100000000.0,114886669.17,14886669.17,0,114886669.17,114886669.17,0.0,0.0053,0
2026-01-28T12:55:00,100000000.0,114886669.17,14886669.17,0,114886669.17,114886669.17,0.0,0.0053,0
2026-01-28T13:00:00,100000000.0,114886669.17,14886669.17,0,114886669.17,114886669.17,0.0,0.0053,0
2026-01-28T13:05:00,100000000.0,114886669.17,14886669.17,0,114886669.17,114886669.17,0.0,0.0053,0
2026-01-28T13:10:00,100000000.0,114886669.17,14886669.17,0,114886669.17,114886669.17,0.0,0.0053,0
2026-01-28T13:15:00,100000000.0,114886669.17,14886669.17,0,114886669.17,114886669.17,0.0,0.0053,0
2026-01-28T13:20:00,100000000.0,114886669.17,14886669.17,0,114886669.17,114886669.17,0.0,0.0053,0
2026-01-28T13:25:00,100000000.0,114886669.17,14886669.17,0,114886669.17,114886669.17,0.0,0.0053,0
2026-01-28T13:30:00,100000000.0,114886669.17,14886669.17,0,114886669.17,114886669.17,0.0,0.0053,0
2026-01-28T13:35:00,100000000.0,114886669.17,14886669.17,0,114886669.17,114886669.17,0.0,0.0053,0
2026-01-28T13:40:00,100000000.0,114886669.17,14886669.17,0,114886669.17,114886669.17,0.0,0.0053,0
2026-01-28T13:45:00,100000000.0,114886669.17,14886669.17,0,114886669.17,114886669.17,0.0,0.0053,0
2026-01-28T13:50:00,100000000.0,114886669.17,14886669.17,0,114886669.17,114886669.17,0.0,0.0053,0
2026-01-28T13:55:00,100000000.0,114886669.17,14886669.17,0,114886669.17,114886669.17,0.0,0.0053,0
2026-01-28T14:00:00,100000000.0,114886669.17,14886669.17,0,114886669.17,114886669.17,0.0,0.0053,0
2026-01-28T14:05:00,100000000.0,114886669.17,14886669.17,0,114886669.17,114886669.17,0.0,0.0053,0
2026-01-28T14:10:00,100000000.0,114886669.17,14886669.17,0,114886669.17,114886669.17,0.0,0.0053,0
2026-01-28T14:15:00,100000000.0,114886669.17,14886669.17,0,114886669.17,114886669.17,0.0,0.0053,0
2026-01-28T14:20:00,100000000.0,114886669.17,14886669.17,0,114886669.17,114886669.17,0.0,0.0053,0
2026-01-28T14:25:00,100000000.0,114886669.17,14886669.17,0,114886669.17,114886669.17,0.0,0.0053,0
2026-01-28T14:30:00,100000000.0,114886669.17,14886669.17,0,114886669.17,114886669.17,0.0,0.0053,0
2026-01-28T14:35:00,100000000.0,114886669.17,14886669.17,0,114886669.17,114886669.17,0.0,0.0053,0
2026-01-28T14:40:00,100000000.0,114886669.17,14886669.17,0,114886669.17,114886669.17,0.0,0.0053,0
2026-01-28T14:45:00,100000000.0,114886669.17,14886669.17,0,114886669.17,114886669.17,0.0,0.0053,0
2026-01-28T14:50:00,100000000.0,114886669.17,14886669.17,0,114886669.17,114886669.17,0.0,0.0053,0
2026-01-28T14:55:00,100000000.0,114886669.17,14886669.17,0,114886669.17,114886669.17,0.0,0.0053,0
2026-01-28T15:00:00,100000000.0,114886669.17,14886669.17,0,114886669.17,114886669.17,0.0,0.0053,0
2026-01-28T15:05:00,100000000.0,114886669.17,14886669.17,0,114886669.17,114886669.17,0.0,0.0053,0
2026-01-28T15:10:00,100000000.0,114886669.17,14886669.17,0,114886669.17,114886669.17,0.0,0.0053,0
2026-01-28T15:15:00,100000000.0,114886669.17,14886669.17,0,114886669.17,114886669.17,0.0,0.0053,0
2026-01-28T15:20:00,100000000.0,114886669.17,14886669.17,0,114886669.17,114886669.17,0.0,0.0053,0
2026-01-28T15:25:00,100000000.0,114886669.17,14886669.17,0,114886669.17,114886669.17,0.0,0.0053,0
2026-01-28T15:30:00,100000000.0,114886669.17,14886669.17,0,114886669.17,114886669.17,0.0,0.0053,0
2026-01-29T09:00:00,100000000.0,114886669.17,14886669.17,0,114886669.17,114886669.17,0.0,0.0053,0
2026-01-29T09:05:00,100000000.0,114886669.17,14886669.17,0,114886669.17,114886669.17,0.0,0.0053,0
2026-01-29T09:10:00,100000000.0,114886669.17,14886669.17,0,114886669.17,114886669.17,0.0,0.0053,0
2026-01-29T09:15:00,100000000.0,114886669.17,14886669.17,0,114886669.17,114886669.17,0.0,0.0053,0
2026-01-29T09:20:00,100000000.0,114886669.17,14886669.17,0,114886669.17,114886669.17,0.0,0.0053,0
2026-01-29T09:25:00,100000000.0,114886669.17,14886669.17,0,114886669.17,114886669.17,0.0,0.0053,0
2026-01-29T09:30:00,100000000.0,114886669.17,14886669.17,0,114886669.17,114886669.17,0.0,0.0053,0
2026-01-29T09:35:00,100000000.0,114886669.17,14886669.17,0,114886669.17,114886669.17,0.0,0.0053,0
2026-01-29T09:40:00,100000000.0,114886669.17,14886669.17,0,114886669.17,114886669.17,0.0,0.0053,0
2026-01-29T09:45:00,100000000.0,114886669.17,14886669.17,0,114886669.17,114886669.17,0.0,0.0053,0
2026-01-29T09:50:00,100000000.0,114886669.17,14886669.17,0,114886669.17,114886669.17,0.0,0.0053,0
2026-01-29T09:55:00,100000000.0,114886669.17,14886669.17,0,114886669.17,114886669.17,0.0,0.0053,0
2026-01-29T10:00:00,100000000.0,114886669.17,14886669.17,0,114886669.17,114886669.17,0.0,0.0053,0
2026-01-29T10:05:00,100000000.0,114886669.17,14886669.17,0,114886669.17,114886669.17,0.0,0.0053,0
2026-01-29T10:10:00,100000000.0,114886669.17,14886669.17,0,114886669.17,114886669.17,0.0,0.0053,0
2026-01-29T10:15:00,100000000.0,114886669.17,14886669.17,0,114886669.17,114886669.17,0.0,0.0053,0
2026-01-29T10:20:00,100000000.0,114886669.17,14886669.17,0,114886669.17,114886669.17,0.0,0.0053,0
2026-01-29T10:25:00,100000000.0,114886669.17,14886669.17,0,114886669.17,114886669.17,0.0,0.0053,0
2026-01-29T10:30:00,100000000.0,114886669.17,14886669.17,0,114886669.17,114886669.17,0.0,0.0053,0
2026-01-29T10:35:00,100000000.0,114886669.17,14886669.17,0,114886669.17,114886669.17,0.0,0.0053,0
2026-01-29T10:40:00,100000000.0,114886669.17,14886669.17,0,114886669.17,114886669.17,0.0,0.0053,0
2026-01-29T10:45:00,100000000.0,114886669.17,14886669.17,0,114886669.17,114886669.17,0.0,0.0053,0
2026-01-29T10:50:00,100000000.0,114886669.17,14886669.17,0,114886669.17,114886669.17,0.0,0.0053,0
2026-01-29T10:55:00,100000000.0,114886669.17,14886669.17,0,114886669.17,114886669.17,0.0,0.0053,0
2026-01-29T11:00:00,100000000.0,114886669.17,14886669.17,0,114886669.17,114886669.17,0.0,0.0053,0
2026-01-29T11:05:00,100000000.0,114886669.17,14886669.17,0,114886669.17,114886669.17,0.0,0.0053,0
2026-01-29T11:10:00,100000000.0,114886669.17,14886669.17,0,114886669.17,114886669.17,0.0,0.0053,0
2026-01-29T11:15:00,100000000.0,114886669.17,14886669.17,0,114886669.17,114886669.17,0.0,0.0053,0
2026-01-29T11:20:00,100000000.0,114886669.17,14886669.17,0,114886669.17,114886669.17,0.0,0.0053,0
2026-01-29T11:25:00,100000000.0,114886669.17,14886669.17,0,114886669.17,114886669.17,0.0,0.0053,0
2026-01-29T11:30:00,100000000.0,114886669.17,14886669.17,0,114886669.17,114886669.17,0.0,0.0053,0
2026-01-29T11:35:00,100000000.0,114886669.17,14886669.17,0,114886669.17,114886669.17,0.0,0.0053,0
2026-01-29T11:40:00,100000000.0,114886669.17,14886669.17,0,114886669.17,114886669.17,0.0,0.0053,0
2026-01-29T11:45:00,100000000.0,114886669.17,14886669.17,0,114886669.17,114886669.17,0.0,0.0053,0
2026-01-29T11:50:00,100000000.0,114886669.17,14886669.17,0,114886669.17,114886669.17,0.0,0.0053,0
2026-01-29T11:55:00,100000000.0,114886669.17,14886669.17,0,114886669.17,114886669.17,0.0,0.0053,0
2026-01-29T12:00:00,100000000.0,114886669.17,14886669.17,0,114886669.17,114886669.17,0.0,0.0053,0
2026-01-29T12:05:00,100000000.0,114886669.17,14886669.17,0,114886669.17,114886669.17,0.0,0.0053,0
2026-01-29T12:10:00,100000000.0,114886669.17,14886669.17,0,114886669.17,114886669.17,0.0,0.0053,0
2026-01-29T12:15:00,100000000.0,114886669.17,14886669.17,0,114886669.17,114886669.17,0.0,0.0053,0
2026-01-29T12:20:00,100000000.0,114886669.17,14886669.17,0,114886669.17,114886669.17,0.0,0.0053,0
2026-01-29T12:25:00,100000000.0,114886669.17,14886669.17,0,114886669.17,114886669.17,0.0,0.0053,0
2026-01-29T12:30:00,100000000.0,114886669.17,14886669.17,0,114886669.17,114886669.17,0.0,0.0053,0
2026-01-29T12:35:00,100000000.0,114886669.17,14886669.17,0,114886669.17,114886669.17,0.0,0.0053,0
2026-01-29T12:40:00,100000000.0,114886669.17,14886669.17,0,114886669.17,114886669.17,0.0,0.0053,0
2026-01-29T12:45:00,100000000.0,114886669.17,14886669.17,0,114886669.17,114886669.17,0.0,0.0053,0
2026-01-29T12:50:00,100000000.0,114886669.17,14886669.17,0,114886669.17,114886669.17,0.0,0.0053,0
2026-01-29T12:55:00,100000000.0,114886669.17,14886669.17,0,114886669.17,114886669.17,0.0,0.0053,0
2026-01-29T13:00:00,100000000.0,114886669.17,14886669.17,0,114886669.17,114886669.17,0.0,0.0053,0
2026-01-29T13:05:00,100000000.0,114886669.17,14886669.17,0,114886669.17,114886669.17,0.0,0.0053,0
2026-01-29T13:10:00,100000000.0,114886669.17,14886669.17,0,114886669.17,114886669.17,0.0,0.0053,0
2026-01-29T13:15:00,100000000.0,114886669.17,14886669.17,0,114886669.17,114886669.17,0.0,0.0053,0
2026-01-29T13:20:00,100000000.0,114886669.17,14886669.17,0,114886669.17,114886669.17,0.0,0.0053,0
2026-01-29T13:25:00,100000000.0,114886669.17,14886669.17,0,114886669.17,114886669.17,0.0,0.0053,0
2026-01-29T13:30:00,100000000.0,114886669.17,14886669.17,0,114886669.17,114886669.17,0.0,0.0053,0
2026-01-29T13:35:00,100000000.0,114886669.17,14886669.17,0,114886669.17,114886669.17,0.0,0.0053,0
2026-01-29T13:40:00,100000000.0,114886669.17,14886669.17,0,114886669.17,114886669.17,0.0,0.0053,0
2026-01-29T13:45:00,100000000.0,114886669.17,14886669.17,0,114886669.17,114886669.17,0.0,0.0053,0
2026-01-29T13:50:00,100000000.0,114886669.17,14886669.17,0,114886669.17,114886669.17,0.0,0.0053,0
2026-01-29T13:55:00,100000000.0,114886669.17,14886669.17,0,114886669.17,114886669.17,0.0,0.0053,0
2026-01-29T14:00:00,100000000.0,114886669.17,14886669.17,0,114886669.17,114886669.17,0.0,0.0053,0
2026-01-29T14:05:00,100000000.0,114886669.17,14886669.17,0,114886669.17,114886669.17,0.0,0.0053,0
2026-01-29T14:10:00,100000000.0,114886669.17,14886669.17,0,114886669.17,114886669.17,0.0,0.0053,0
2026-01-29T14:15:00,100000000.0,114886669.17,14886669.17,0,114886669.17,114886669.17,0.0,0.0053,0
2026-01-29T14:20:00,100000000.0,114886669.17,14886669.17,0,114886669.17,114886669.17,0.0,0.0053,0
2026-01-29T14:25:00,100000000.0,114886669.17,14886669.17,0,114886669.17,114886669.17,0.0,0.0053,0
2026-01-29T14:30:00,100000000.0,114886669.17,14886669.17,0,114886669.17,114886669.17,0.0,0.0053,0
2026-01-29T14:35:00,100000000.0,114886669.17,14886669.17,0,114886669.17,114886669.17,0.0,0.0053,0
2026-01-29T14:40:00,100000000.0,114886669.17,14886669.17,0,114886669.17,114886669.17,0.0,0.0053,0
2026-01-29T14:45:00,100000000.0,114886669.17,14886669.17,0,114886669.17,114886669.17,0.0,0.0053,0
2026-01-29T14:50:00,100000000.0,114886669.17,14886669.17,0,114886669.17,114886669.17,0.0,0.0053,0
2026-01-29T14:55:00,100000000.0,114886669.17,14886669.17,0,114886669.17,114886669.17,0.0,0.0053,0
2026-01-29T15:00:00,100000000.0,114886669.17,14886669.17,0,114886669.17,114886669.17,0.0,0.0053,0
2026-01-29T15:05:00,100000000.0,114886669.17,14886669.17,0,114886669.17,114886669.17,0.0,0.0053,0
2026-01-29T15:10:00,100000000.0,114886669.17,14886669.17,0,114886669.17,114886669.17,0.0,0.0053,0
2026-01-29T15:15:00,100000000.0,114886669.17,14886669.17,0,114886669.17,114886669.17,0.0,0.0053,0
2026-01-29T15:20:00,100000000.0,114886669.17,14886669.17,0,114886669.17,114886669.17,0.0,0.0053,0
2026-01-29T15:25:00,100000000.0,114886669.17,14886669.17,0,114886669.17,114886669.17,0.0,0.0053,0
2026-01-29T15:30:00,100000000.0,114886669.17,14886669.17,0,114886669.17,114886669.17,0.0,0.0053,0
2026-01-30T09:00:00,100000000.0,114886669.17,14886669.17,0,114886669.17,114886669.17,0.0,0.0053,0
2026-01-30T09:05:00,100000000.0,114886669.17,14886669.17,0,114886669.17,114886669.17,0.0,0.0053,0
2026-01-30T09:10:00,100000000.0,114886669.17,14886669.17,0,114886669.17,114886669.17,0.0,0.0053,0
2026-01-30T09:15:00,100000000.0,114886669.17,14886669.17,0,114886669.17,114886669.17,0.0,0.0053,0
2026-01-30T09:20:00,100000000.0,114886669.17,14886669.17,0,114886669.17,114886669.17,0.0,0.0053,0
2026-01-30T09:25:00,100000000.0,114886669.17,14886669.17,0,114886669.17,114886669.17,0.0,0.0053,0
2026-01-30T09:30:00,100000000.0,114886669.17,14886669.17,0,114886669.17,114886669.17,0.0,0.0053,0
2026-01-30T09:35:00,100000000.0,114886669.17,14886669.17,0,114886669.17,114886669.17,0.0,0.0053,0
2026-01-30T09:40:00,100000000.0,114886669.17,14886669.17,0,114886669.17,114886669.17,0.0,0.0053,0
2026-01-30T09:45:00,100000000.0,114886669.17,14886669.17,0,114886669.17,114886669.17,0.0,0.0053,0
2026-01-30T09:50:00,100000000.0,114886669.17,14886669.17,0,114886669.17,114886669.17,0.0,0.0053,0
2026-01-30T09:55:00,100000000.0,114886669.17,14886669.17,0,114886669.17,114886669.17,0.0,0.0053,0
2026-01-30T10:00:00,100000000.0,114886669.17,14886669.17,0,114886669.17,114886669.17,0.0,0.0053,0
2026-01-30T10:05:00,100000000.0,114886669.17,14886669.17,0,114886669.17,114886669.17,0.0,0.0053,0
2026-01-30T10:10:00,100000000.0,114886669.17,14886669.17,0,114886669.17,114886669.17,0.0,0.0053,0
2026-01-30T10:15:00,100000000.0,114886669.17,14886669.17,0,114886669.17,114886669.17,0.0,0.0053,0
2026-01-30T10:20:00,100000000.0,114886669.17,14886669.17,0,114886669.17,114886669.17,0.0,0.0053,0
2026-01-30T10:25:00,100000000.0,114886669.17,14886669.17,0,114886669.17,114886669.17,0.0,0.0053,0
2026-01-30T10:30:00,100000000.0,114886669.17,14886669.17,0,114886669.17,114886669.17,0.0,0.0053,0
2026-01-30T10:35:00,100000000.0,114886669.17,14886669.17,0,114886669.17,114886669.17,0.0,0.0053,0
2026-01-30T10:40:00,100000000.0,114886669.17,14886669.17,0,114886669.17,114886669.17,0.0,0.0053,0
2026-01-30T10:45:00,100000000.0,114886669.17,14886669.17,0,114886669.17,114886669.17,0.0,0.0053,0
2026-01-30T10:50:00,100000000.0,114886669.17,14886669.17,0,114886669.17,114886669.17,0.0,0.0053,0
2026-01-30T10:55:00,100000000.0,114886669.17,14886669.17,0,114886669.17,114886669.17,0.0,0.0053,0
2026-01-30T11:00:00,100000000.0,114886669.17,14886669.17,0,114886669.17,114886669.17,0.0,0.0053,0
2026-01-30T11:05:00,100000000.0,114886669.17,14886669.17,0,114886669.17,114886669.17,0.0,0.0053,0
2026-01-30T11:10:00,100000000.0,114886669.17,14886669.17,0,114886669.17,114886669.17,0.0,0.0053,0
2026-01-30T11:15:00,100000000.0,114886669.17,14886669.17,0,114886669.17,114886669.17,0.0,0.0053,0
2026-01-30T11:20:00,100000000.0,114886669.17,14886669.17,0,114886669.17,114886669.17,0.0,0.0053,0
2026-01-30T11:25:00,100000000.0,114886669.17,14886669.17,0,114886669.17,114886669.17,0.0,0.0053,0
2026-01-30T11:30:00,100000000.0,114886669.17,14886669.17,0,114886669.17,114886669.17,0.0,0.0053,0
2026-01-30T11:35:00,100000000.0,114886669.17,14886669.17,0,114886669.17,114886669.17,0.0,0.0053,0
2026-01-30T11:40:00,100000000.0,114886669.17,14886669.17,0,114886669.17,114886669.17,0.0,0.0053,0
2026-01-30T11:45:00,100000000.0,114886669.17,14886669.17,0,114886669.17,114886669.17,0.0,0.0053,0
2026-01-30T11:50:00,100000000.0,114886669.17,14886669.17,0,114886669.17,114886669.17,0.0,0.0053,0
2026-01-30T11:55:00,100000000.0,114886669.17,14886669.17,0,114886669.17,114886669.17,0.0,0.0053,0
2026-01-30T12:00:00,100000000.0,114886669.17,14886669.17,0,114886669.17,114886669.17,0.0,0.0053,0
2026-01-30T12:05:00,100000000.0,114886669.17,14886669.17,0,114886669.17,114886669.17,0.0,0.0053,0
2026-01-30T12:10:00,100000000.0,114886669.17,14886669.17,0,114886669.17,114886669.17,0.0,0.0053,0
2026-01-30T12:15:00,100000000.0,114886669.17,14886669.17,0,114886669.17,114886669.17,0.0,0.0053,0
2026-01-30T12:20:00,100000000.0,114886669.17,14886669.17,0,114886669.17,114886669.17,0.0,0.0053,0
2026-01-30T12:25:00,100000000.0,114886669.17,14886669.17,0,114886669.17,114886669.17,0.0,0.0053,0
2026-01-30T12:30:00,100000000.0,114886669.17,14886669.17,0,114886669.17,114886669.17,0.0,0.0053,0
2026-01-30T12:35:00,100000000.0,114886669.17,14886669.17,0,114886669.17,114886669.17,0.0,0.0053,0
2026-01-30T12:40:00,100000000.0,114886669.17,14886669.17,0,114886669.17,114886669.17,0.0,0.0053,0
2026-01-30T12:45:00,100000000.0,114886669.17,14886669.17,0,114886669.17,114886669.17,0.0,0.0053,0
2026-01-30T12:50:00,100000000.0,114886669.17,14886669.17,0,114886669.17,114886669.17,0.0,0.0053,0
2026-01-30T12:55:00,100000000.0,114886669.17,14886669.17,0,114886669.17,114886669.17,0.0,0.0053,0
2026-01-30T13:00:00,100000000.0,114886669.17,14886669.17,0,114886669.17,114886669.17,0.0,0.0053,0
2026-01-30T13:05:00,100000000.0,114886669.17,14886669.17,0,114886669.17,114886669.17,0.0,0.0053,0
2026-01-30T13:10:00,100000000.0,114886669.17,14886669.17,0,114886669.17,114886669.17,0.0,0.0053,0
2026-01-30T13:15:00,100000000.0,114886669.17,14886669.17,0,114886669.17,114886669.17,0.0,0.0053,0
2026-01-30T13:20:00,100000000.0,114886669.17,14886669.17,0,114886669.17,114886669.17,0.0,0.0053,0
2026-01-30T13:25:00,100000000.0,114886669.17,14886669.17,0,114886669.17,114886669.17,0.0,0.0053,0
2026-01-30T13:30:00,100000000.0,114886669.17,14886669.17,0,114886669.17,114886669.17,0.0,0.0053,0
2026-01-30T13:35:00,100000000.0,114886669.17,14886669.17,0,114886669.17,114886669.17,0.0,0.0053,0
2026-01-30T13:40:00,100000000.0,114886669.17,14886669.17,0,114886669.17,114886669.17,0.0,0.0053,0
2026-01-30T13:45:00,100000000.0,114886669.17,14886669.17,0,114886669.17,114886669.17,0.0,0.0053,0
2026-01-30T13:50:00,100000000.0,114886669.17,14886669.17,0,114886669.17,114886669.17,0.0,0.0053,0
2026-01-30T13:55:00,100000000.0,114886669.17,14886669.17,0,114886669.17,114886669.17,0.0,0.0053,0
2026-01-30T14:00:00,100000000.0,114886669.17,14886669.17,0,114886669.17,114886669.17,0.0,0.0053,0
2026-01-30T14:05:00,100000000.0,114886669.17,14886669.17,0,114886669.17,114886669.17,0.0,0.0053,0
2026-01-30T14:10:00,100000000.0,114886669.17,14886669.17,0,114886669.17,114886669.17,0.0,0.0053,0
2026-01-30T14:15:00,100000000.0,114886669.17,14886669.17,0,114886669.17,114886669.17,0.0,0.0053,0
2026-01-30T14:20:00,100000000.0,114886669.17,14886669.17,0,114886669.17,114886669.17,0.0,0.0053,0
2026-01-30T14:25:00,100000000.0,114886669.17,14886669.17,0,114886669.17,114886669.17,0.0,0.0053,0
2026-01-30T14:30:00,100000000.0,114886669.17,14886669.17,0,114886669.17,114886669.17,0.0,0.0053,0
2026-01-30T14:35:00,100000000.0,114886669.17,14886669.17,0,114886669.17,114886669.17,0.0,0.0053,0
2026-01-30T14:40:00,100000000.0,114886669.17,14886669.17,0,114886669.17,114886669.17,0.0,0.0053,0
2026-01-30T14:45:00,100000000.0,114886669.17,14886669.17,0,114886669.17,114886669.17,0.0,0.0053,0
2026-01-30T14:50:00,100000000.0,114886669.17,14886669.17,0,114886669.17,114886669.17,0.0,0.0053,0
2026-01-30T14:55:00,100000000.0,114886669.17,14886669.17,0,114886669.17,114886669.17,0.0,0.0053,0
2026-01-30T15:00:00,100000000.0,114886669.17,14886669.17,0,114886669.17,114886669.17,0.0,0.0053,0
2026-01-30T15:05:00,100000000.0,114886669.17,14886669.17,0,114886669.17,114886669.17,0.0,0.0053,0
2026-01-30T15:10:00,100000000.0,114886669.17,14886669.17,0,114886669.17,114886669.17,0.0,0.0053,0
2026-01-30T15:15:00,100000000.0,114886669.17,14886669.17,0,114886669.17,114886669.17,0.0,0.0053,0
2026-01-30T15:20:00,100000000.0,114886669.17,14886669.17,0,114886669.17,114886669.17,0.0,0.0053,0
2026-01-30T15:25:00,100000000.0,114886669.17,14886669.17,0,114886669.17,114886669.17,0.0,0.0053,0
2026-01-30T15:30:00,100000000.0,114886669.17,14886669.17,0,114886669.17,114886669.17,0.0,0.0053,0
2026-02-02T09:00:00,100000000.0,114886669.17,14886669.17,0,114886669.17,114886669.17,0.0,0.0053,0
2026-02-02T09:05:00,100000000.0,114886669.17,14886669.17,0,114886669.17,114886669.17,0.0,0.0053,0
2026-02-02T09:10:00,100000000.0,114886669.17,14886669.17,0,114886669.17,114886669.17,0.0,0.0053,0
2026-02-02T09:15:00,100000000.0,114886669.17,14886669.17,0,114886669.17,114886669.17,0.0,0.0053,0
2026-02-02T09:20:00,100000000.0,114886669.17,14886669.17,0,114886669.17,114886669.17,0.0,0.0053,0
2026-02-02T09:25:00,100000000.0,114886669.17,14886669.17,0,114886669.17,114886669.17,0.0,0.0053,0
2026-02-02T09:30:00,100000000.0,114886669.17,14886669.17,0,114886669.17,114886669.17,0.0,0.0053,0
2026-02-02T09:35:00,100000000.0,114886669.17,14886669.17,0,114886669.17,114886669.17,0.0,0.0053,0
2026-02-02T09:40:00,100000000.0,114886669.17,14886669.17,0,114886669.17,114886669.17,0.0,0.0053,0
2026-02-02T09:45:00,100000000.0,114886669.17,14886669.17,0,114886669.17,114886669.17,0.0,0.0053,0
2026-02-02T09:50:00,100000000.0,114886669.17,14886669.17,0,114886669.17,114886669.17,0.0,0.0053,0
2026-02-02T09:55:00,100000000.0,114886669.17,14886669.17,0,114886669.17,114886669.17,0.0,0.0053,0
2026-02-02T10:00:00,100000000.0,114886669.17,14886669.17,0,114886669.17,114886669.17,0.0,0.0053,0
2026-02-02T10:05:00,100000000.0,114886669.17,14886669.17,0,114886669.17,114886669.17,0.0,0.0053,0
2026-02-02T10:10:00,100000000.0,114886669.17,14886669.17,0,114886669.17,114886669.17,0.0,0.0053,0
2026-02-02T10:15:00,100000000.0,114886669.17,14886669.17,0,114886669.17,114886669.17,0.0,0.0053,0
2026-02-02T10:20:00,100000000.0,114886669.17,14886669.17,0,114886669.17,114886669.17,0.0,0.0053,0
2026-02-02T10:25:00,100000000.0,114886669.17,14886669.17,0,114886669.17,114886669.17,0.0,0.0053,0
2026-02-02T10:30:00,100000000.0,114886669.17,14886669.17,0,114886669.17,114886669.17,0.0,0.0053,0
2026-02-02T10:35:00,100000000.0,114886669.17,14886669.17,0,114886669.17,114886669.17,0.0,0.0053,0
2026-02-02T10:40:00,100000000.0,114886669.17,14886669.17,0,114886669.17,114886669.17,0.0,0.0053,0
2026-02-02T10:45:00,100000000.0,114886669.17,14886669.17,0,114886669.17,114886669.17,0.0,0.0053,0
2026-02-02T10:50:00,100000000.0,114886669.17,14886669.17,0,114886669.17,114886669.17,0.0,0.0053,0
2026-02-02T10:55:00,100000000.0,114886669.17,14886669.17,0,114886669.17,114886669.17,0.0,0.0053,0
2026-02-02T11:00:00,100000000.0,114886669.17,14886669.17,0,114886669.17,114886669.17,0.0,0.0053,0
2026-02-02T11:05:00,100000000.0,114886669.17,14886669.17,0,114886669.17,114886669.17,0.0,0.0053,0
2026-02-02T11:10:00,100000000.0,114886669.17,14886669.17,0,114886669.17,114886669.17,0.0,0.0053,0
2026-02-02T11:15:00,100000000.0,114886669.17,14886669.17,0,114886669.17,114886669.17,0.0,0.0053,0
2026-02-02T11:20:00,100000000.0,114886669.17,14886669.17,0,114886669.17,114886669.17,0.0,0.0053,0
2026-02-02T11:25:00,100000000.0,114886669.17,14886669.17,0,114886669.17,114886669.17,0.0,0.0053,0
2026-02-02T11:30:00,100000000.0,114886669.17,14886669.17,0,114886669.17,114886669.17,0.0,0.0053,0
2026-02-02T11:35:00,100000000.0,114886669.17,14886669.17,0,114886669.17,114886669.17,0.0,0.0053,0
2026-02-02T11:40:00,100000000.0,114886669.17,14886669.17,0,114886669.17,114886669.17,0.0,0.0053,0
2026-02-02T11:45:00,100000000.0,114886669.17,14886669.17,0,114886669.17,114886669.17,0.0,0.0053,0
2026-02-02T11:50:00,100000000.0,114886669.17,14886669.17,0,114886669.17,114886669.17,0.0,0.0053,0
2026-02-02T11:55:00,100000000.0,114886669.17,14886669.17,0,114886669.17,114886669.17,0.0,0.0053,0
2026-02-02T12:00:00,100000000.0,114886669.17,14886669.17,0,114886669.17,114886669.17,0.0,0.0053,0
2026-02-02T12:05:00,100000000.0,114886669.17,14886669.17,0,114886669.17,114886669.17,0.0,0.0053,0
2026-02-02T12:10:00,100000000.0,114886669.17,14886669.17,0,114886669.17,114886669.17,0.0,0.0053,0
2026-02-02T12:15:00,100000000.0,114886669.17,14886669.17,0,114886669.17,114886669.17,0.0,0.0053,0
2026-02-02T12:20:00,100000000.0,114886669.17,14886669.17,0,114886669.17,114886669.17,0.0,0.0053,0
2026-02-02T12:25:00,100000000.0,114886669.17,14886669.17,0,114886669.17,114886669.17,0.0,0.0053,0
2026-02-02T12:30:00,100000000.0,114886669.17,14886669.17,0,114886669.17,114886669.17,0.0,0.0053,0
2026-02-02T12:35:00,100000000.0,114886669.17,14886669.17,0,114886669.17,114886669.17,0.0,0.0053,0
2026-02-02T12:40:00,100000000.0,114886669.17,14886669.17,0,114886669.17,114886669.17,0.0,0.0053,0
2026-02-02T12:45:00,100000000.0,114886669.17,14886669.17,0,114886669.17,114886669.17,0.0,0.0053,0
2026-02-02T12:50:00,100000000.0,114886669.17,14886669.17,0,114886669.17,114886669.17,0.0,0.0053,0
2026-02-02T12:55:00,100000000.0,114886669.17,14886669.17,0,114886669.17,114886669.17,0.0,0.0053,0
2026-02-02T13:00:00,100000000.0,114886669.17,14886669.17,0,114886669.17,114886669.17,0.0,0.0053,0
2026-02-02T13:05:00,100000000.0,114886669.17,14886669.17,0,114886669.17,114886669.17,0.0,0.0053,0
2026-02-02T13:10:00,100000000.0,114886669.17,14886669.17,0,114886669.17,114886669.17,0.0,0.0053,0
2026-02-02T13:15:00,100000000.0,114886669.17,14886669.17,0,114886669.17,114886669.17,0.0,0.0053,0
2026-02-02T13:20:00,100000000.0,114886669.17,14886669.17,0,114886669.17,114886669.17,0.0,0.0053,0
2026-02-02T13:25:00,100000000.0,114886669.17,14886669.17,0,114886669.17,114886669.17,0.0,0.0053,0
2026-02-02T13:30:00,100000000.0,114886669.17,14886669.17,0,114886669.17,114886669.17,0.0,0.0053,0
2026-02-02T13:35:00,100000000.0,114886669.17,14886669.17,0,114886669.17,114886669.17,0.0,0.0053,0
2026-02-02T13:40:00,100000000.0,114886669.17,14886669.17,0,114886669.17,114886669.17,0.0,0.0053,0
2026-02-02T13:45:00,100000000.0,114886669.17,14886669.17,0,114886669.17,114886669.17,0.0,0.0053,0
2026-02-02T13:50:00,100000000.0,114886669.17,14886669.17,0,114886669.17,114886669.17,0.0,0.0053,0
2026-02-02T13:55:00,100000000.0,114886669.17,14886669.17,0,114886669.17,114886669.17,0.0,0.0053,0
2026-02-02T14:00:00,100000000.0,114886669.17,14886669.17,0,114886669.17,114886669.17,0.0,0.0053,0
2026-02-02T14:05:00,100000000.0,114886669.17,14886669.17,0,114886669.17,114886669.17,0.0,0.0053,0
2026-02-02T14:10:00,100000000.0,114886669.17,14886669.17,0,114886669.17,114886669.17,0.0,0.0053,0
2026-02-02T14:15:00,100000000.0,114886669.17,14886669.17,0,114886669.17,114886669.17,0.0,0.0053,0
2026-02-02T14:20:00,100000000.0,114886669.17,14886669.17,0,114886669.17,114886669.17,0.0,0.0053,0
2026-02-02T14:25:00,100000000.0,114886669.17,14886669.17,0,114886669.17,114886669.17,0.0,0.0053,0
2026-02-02T14:30:00,100000000.0,114886669.17,14886669.17,0,114886669.17,114886669.17,0.0,0.0053,0
2026-02-02T14:35:00,100000000.0,114886669.17,14886669.17,0,114886669.17,114886669.17,0.0,0.0053,0
2026-02-02T14:40:00,100000000.0,114886669.17,14886669.17,0,114886669.17,114886669.17,0.0,0.0053,0
2026-02-02T14:45:00,100000000.0,114886669.17,14886669.17,0,114886669.17,114886669.17,0.0,0.0053,0
2026-02-02T14:50:00,100000000.0,114886669.17,14886669.17,0,114886669.17,114886669.17,0.0,0.0053,0
2026-02-02T14:55:00,100000000.0,114886669.17,14886669.17,0,114886669.17,114886669.17,0.0,0.0053,0
2026-02-02T15:00:00,100000000.0,114886669.17,14886669.17,0,114886669.17,114886669.17,0.0,0.0053,0
2026-02-02T15:05:00,100000000.0,114886669.17,14886669.17,0,114886669.17,114886669.17,0.0,0.0053,0
2026-02-02T15:10:00,100000000.0,114886669.17,14886669.17,0,114886669.17,114886669.17,0.0,0.0053,0
2026-02-02T15:15:00,100000000.0,114886669.17,14886669.17,0,114886669.17,114886669.17,0.0,0.0053,0
2026-02-02T15:20:00,100000000.0,114886669.17,14886669.17,0,114886669.17,114886669.17,0.0,0.0053,0
2026-02-02T15:25:00,100000000.0,114886669.17,14886669.17,0,114886669.17,114886669.17,0.0,0.0053,0
2026-02-02T15:30:00,100000000.0,114886669.17,14886669.17,0,114886669.17,114886669.17,0.0,0.0053,0
2026-02-03T09:00:00,100000000.0,114886669.17,14886669.17,0,114886669.17,114886669.17,0.0,0.0053,0
2026-02-03T09:05:00,100000000.0,114886669.17,14886669.17,0,114886669.17,114886669.17,0.0,0.0053,0
2026-02-03T09:10:00,100000000.0,114886669.17,14886669.17,0,114886669.17,114886669.17,0.0,0.0053,0
2026-02-03T09:15:00,100000000.0,114886669.17,14886669.17,0,114886669.17,114886669.17,0.0,0.0053,0
2026-02-03T09:20:00,100000000.0,114886669.17,14886669.17,0,114886669.17,114886669.17,0.0,0.0053,0
2026-02-03T09:25:00,100000000.0,114886669.17,14886669.17,0,114886669.17,114886669.17,0.0,0.0053,0
2026-02-03T09:30:00,100000000.0,114886669.17,14886669.17,0,114886669.17,114886669.17,0.0,0.0053,0
2026-02-03T09:35:00,100000000.0,114886669.17,14886669.17,0,114886669.17,114886669.17,0.0,0.0053,0
2026-02-03T09:40:00,100000000.0,114886669.17,14886669.17,0,114886669.17,114886669.17,0.0,0.0053,0
2026-02-03T09:45:00,100000000.0,114886669.17,14886669.17,0,114886669.17,114886669.17,0.0,0.0053,0
2026-02-03T09:50:00,100000000.0,114886669.17,14886669.17,0,114886669.17,114886669.17,0.0,0.0053,0
2026-02-03T09:55:00,100000000.0,114886669.17,14886669.17,0,114886669.17,114886669.17,0.0,0.0053,0
2026-02-03T10:00:00,100000000.0,114886669.17,14886669.17,0,114886669.17,114886669.17,0.0,0.0053,0
2026-02-03T10:05:00,100000000.0,114886669.17,14886669.17,0,114886669.17,114886669.17,0.0,0.0053,0
2026-02-03T10:10:00,100000000.0,114886669.17,14886669.17,0,114886669.17,114886669.17,0.0,0.0053,0
2026-02-03T10:15:00,100000000.0,114886669.17,14886669.17,0,114886669.17,114886669.17,0.0,0.0053,0
2026-02-03T10:20:00,100000000.0,114886669.17,14886669.17,0,114886669.17,114886669.17,0.0,0.0053,0
2026-02-03T10:25:00,100000000.0,114886669.17,14886669.17,0,114886669.17,114886669.17,0.0,0.0053,0
2026-02-03T10:30:00,100000000.0,114886669.17,14886669.17,0,114886669.17,114886669.17,0.0,0.0053,0
2026-02-03T10:35:00,100000000.0,114886669.17,14886669.17,0,114886669.17,114886669.17,0.0,0.0053,0
2026-02-03T10:40:00,100000000.0,114886669.17,14886669.17,0,114886669.17,114886669.17,0.0,0.0053,0
2026-02-03T10:45:00,100000000.0,114886669.17,14886669.17,0,114886669.17,114886669.17,0.0,0.0053,0
2026-02-03T10:50:00,100000000.0,114886669.17,14886669.17,0,114886669.17,114886669.17,0.0,0.0053,0
2026-02-03T10:55:00,100000000.0,114886669.17,14886669.17,0,114886669.17,114886669.17,0.0,0.0053,0
2026-02-03T11:00:00,100000000.0,114886669.17,14886669.17,0,114886669.17,114886669.17,0.0,0.0053,0
2026-02-03T11:05:00,100000000.0,114886669.17,14886669.17,0,114886669.17,114886669.17,0.0,0.0053,0
2026-02-03T11:10:00,100000000.0,114886669.17,14886669.17,0,114886669.17,114886669.17,0.0,0.0053,0
2026-02-03T11:15:00,100000000.0,114886669.17,14886669.17,0,114886669.17,114886669.17,0.0,0.0053,0
2026-02-03T11:20:00,100000000.0,114886669.17,14886669.17,0,114886669.17,114886669.17,0.0,0.0053,0
2026-02-03T11:25:00,100000000.0,114886669.17,14886669.17,0,114886669.17,114886669.17,0.0,0.0053,0
2026-02-03T11:30:00,100000000.0,114886669.17,14886669.17,0,114886669.17,114886669.17,0.0,0.0053,0
2026-02-03T11:35:00,100000000.0,114886669.17,14886669.17,0,114886669.17,114886669.17,0.0,0.0053,0
2026-02-03T11:40:00,100000000.0,114886669.17,14886669.17,0,114886669.17,114886669.17,0.0,0.0053,0
2026-02-03T11:45:00,100000000.0,114886669.17,14886669.17,0,114886669.17,114886669.17,0.0,0.0053,0
2026-02-03T11:50:00,100000000.0,114886669.17,14886669.17,0,114886669.17,114886669.17,0.0,0.0053,0
2026-02-03T11:55:00,100000000.0,114886669.17,14886669.17,0,114886669.17,114886669.17,0.0,0.0053,0
2026-02-03T12:00:00,100000000.0,114886669.17,14886669.17,0,114886669.17,114886669.17,0.0,0.0053,0
2026-02-03T12:05:00,100000000.0,114886669.17,14886669.17,0,114886669.17,114886669.17,0.0,0.0053,0
2026-02-03T12:10:00,100000000.0,114886669.17,14886669.17,0,114886669.17,114886669.17,0.0,0.0053,0
2026-02-03T12:15:00,100000000.0,114886669.17,14886669.17,0,114886669.17,114886669.17,0.0,0.0053,0
2026-02-03T12:20:00,100000000.0,114886669.17,14886669.17,0,114886669.17,114886669.17,0.0,0.0053,0
2026-02-03T12:25:00,100000000.0,114886669.17,14886669.17,0,114886669.17,114886669.17,0.0,0.0053,0
2026-02-03T12:30:00,100000000.0,114886669.17,14886669.17,0,114886669.17,114886669.17,0.0,0.0053,0
2026-02-03T12:35:00,100000000.0,114886669.17,14886669.17,0,114886669.17,114886669.17,0.0,0.0053,0
2026-02-03T12:40:00,100000000.0,114886669.17,14886669.17,0,114886669.17,114886669.17,0.0,0.0053,0
2026-02-03T12:45:00,100000000.0,114886669.17,14886669.17,0,114886669.17,114886669.17,0.0,0.0053,0
2026-02-03T12:50:00,100000000.0,114886669.17,14886669.17,0,114886669.17,114886669.17,0.0,0.0053,0
2026-02-03T12:55:00,100000000.0,114886669.17,14886669.17,0,114886669.17,114886669.17,0.0,0.0053,0
2026-02-03T13:00:00,100000000.0,114886669.17,14886669.17,0,114886669.17,114886669.17,0.0,0.0053,0
2026-02-03T13:05:00,100000000.0,114886669.17,14886669.17,0,114886669.17,114886669.17,0.0,0.0053,0
2026-02-03T13:10:00,100000000.0,114886669.17,14886669.17,0,114886669.17,114886669.17,0.0,0.0053,0
2026-02-03T13:15:00,100000000.0,114886669.17,14886669.17,0,114886669.17,114886669.17,0.0,0.0053,0
2026-02-03T13:20:00,100000000.0,114886669.17,14886669.17,0,114886669.17,114886669.17,0.0,0.0053,0
2026-02-03T13:25:00,100000000.0,114886669.17,14886669.17,0,114886669.17,114886669.17,0.0,0.0053,0
2026-02-03T13:30:00,100000000.0,114886669.17,14886669.17,0,114886669.17,114886669.17,0.0,0.0053,0
2026-02-03T13:35:00,100000000.0,114886669.17,14886669.17,0,114886669.17,114886669.17,0.0,0.0053,0
2026-02-03T13:40:00,100000000.0,114886669.17,14886669.17,0,114886669.17,114886669.17,0.0,0.0053,0
2026-02-03T13:45:00,100000000.0,114886669.17,14886669.17,0,114886669.17,114886669.17,0.0,0.0053,0
2026-02-03T13:50:00,100000000.0,114886669.17,14886669.17,0,114886669.17,114886669.17,0.0,0.0053,0
2026-02-03T13:55:00,100000000.0,114886669.17,14886669.17,0,114886669.17,114886669.17,0.0,0.0053,0
2026-02-03T14:00:00,100000000.0,114886669.17,14886669.17,0,114886669.17,114886669.17,0.0,0.0053,0
2026-02-03T14:05:00,100000000.0,114886669.17,14886669.17,0,114886669.17,114886669.17,0.0,0.0053,0
2026-02-03T14:10:00,100000000.0,114886669.17,14886669.17,0,114886669.17,114886669.17,0.0,0.0053,0
2026-02-03T14:15:00,100000000.0,114886669.17,14886669.17,0,114886669.17,114886669.17,0.0,0.0053,0
2026-02-03T14:20:00,100000000.0,114886669.17,14886669.17,0,114886669.17,114886669.17,0.0,0.0053,0
2026-02-03T14:25:00,100000000.0,114886669.17,14886669.17,0,114886669.17,114886669.17,0.0,0.0053,0
2026-02-03T14:30:00,100000000.0,114886669.17,14886669.17,0,114886669.17,114886669.17,0.0,0.0053,0
2026-02-03T14:35:00,100000000.0,114886669.17,14886669.17,0,114886669.17,114886669.17,0.0,0.0053,0
2026-02-03T14:40:00,100000000.0,114886669.17,14886669.17,0,114886669.17,114886669.17,0.0,0.0053,0
2026-02-03T14:45:00,100000000.0,114886669.17,14886669.17,0,114886669.17,114886669.17,0.0,0.0053,0
2026-02-03T14:50:00,100000000.0,114886669.17,14886669.17,0,114886669.17,114886669.17,0.0,0.0053,0
2026-02-03T14:55:00,100000000.0,114886669.17,14886669.17,0,114886669.17,114886669.17,0.0,0.0053,0
2026-02-03T15:00:00,100000000.0,114886669.17,14886669.17,0,114886669.17,114886669.17,0.0,0.0053,0
2026-02-03T15:05:00,100000000.0,114886669.17,14886669.17,0,114886669.17,114886669.17,0.0,0.0053,0
2026-02-03T15:10:00,100000000.0,114886669.17,14886669.17,0,114886669.17,114886669.17,0.0,0.0053,0
2026-02-03T15:15:00,100000000.0,114886669.17,14886669.17,0,114886669.17,114886669.17,0.0,0.0053,0
2026-02-03T15:20:00,100000000.0,114886669.17,14886669.17,0,114886669.17,114886669.17,0.0,0.0053,0
2026-02-03T15:25:00,100000000.0,114886669.17,14886669.17,0,114886669.17,114886669.17,0.0,0.0053,0
2026-02-03T15:30:00,100000000.0,114886669.17,14886669.17,0,114886669.17,114886669.17,0.0,0.0053,0
2026-02-04T09:00:00,100000000.0,114886669.17,14886669.17,0,114886669.17,114886669.17,0.0,0.0053,0
2026-02-04T09:05:00,100000000.0,114886669.17,14886669.17,0,114886669.17,114886669.17,0.0,0.0053,0
2026-02-04T09:10:00,100000000.0,114886669.17,14886669.17,0,114886669.17,114886669.17,0.0,0.0053,0
2026-02-04T09:15:00,100000000.0,114886669.17,14886669.17,0,114886669.17,114886669.17,0.0,0.0053,0
2026-02-04T09:20:00,100000000.0,114886669.17,14886669.17,0,114886669.17,114886669.17,0.0,0.0053,0
2026-02-04T09:25:00,100000000.0,114886669.17,14886669.17,0,114886669.17,114886669.17,0.0,0.0053,0
2026-02-04T09:30:00,100000000.0,114886669.17,14886669.17,0,114886669.17,114886669.17,0.0,0.0053,0
2026-02-04T09:35:00,100000000.0,114886669.17,14886669.17,0,114886669.17,114886669.17,0.0,0.0053,0
2026-02-04T09:40:00,100000000.0,114886669.17,14886669.17,0,114886669.17,114886669.17,0.0,0.0053,0
2026-02-04T09:45:00,100000000.0,114886669.17,14886669.17,0,114886669.17,114886669.17,0.0,0.0053,0
2026-02-04T09:50:00,100000000.0,114886669.17,14886669.17,0,114886669.17,114886669.17,0.0,0.0053,0
2026-02-04T09:55:00,100000000.0,114886669.17,14886669.17,0,114886669.17,114886669.17,0.0,0.0053,0
2026-02-04T10:00:00,100000000.0,114886669.17,14886669.17,0,114886669.17,114886669.17,0.0,0.0053,0
2026-02-04T10:05:00,100000000.0,114886669.17,14886669.17,0,114886669.17,114886669.17,0.0,0.0053,0
2026-02-04T10:10:00,100000000.0,114886669.17,14886669.17,0,114886669.17,114886669.17,0.0,0.0053,0
2026-02-04T10:15:00,100000000.0,114886669.17,14886669.17,0,114886669.17,114886669.17,0.0,0.0053,0
2026-02-04T10:20:00,100000000.0,114886669.17,14886669.17,0,114886669.17,114886669.17,0.0,0.0053,0
2026-02-04T10:25:00,100000000.0,114886669.17,14886669.17,0,114886669.17,114886669.17,0.0,0.0053,0
2026-02-04T10:30:00,100000000.0,114886669.17,14886669.17,0,114886669.17,114886669.17,0.0,0.0053,0
2026-02-04T10:35:00,100000000.0,114886669.17,14886669.17,0,114886669.17,114886669.17,0.0,0.0053,0
2026-02-04T10:40:00,100000000.0,114886669.17,14886669.17,0,114886669.17,114886669.17,0.0,0.0053,0
2026-02-04T10:45:00,100000000.0,114886669.17,14886669.17,0,114886669.17,114886669.17,0.0,0.0053,0
2026-02-04T10:50:00,100000000.0,114886669.17,14886669.17,0,114886669.17,114886669.17,0.0,0.0053,0
2026-02-04T10:55:00,100000000.0,114886669.17,14886669.17,0,114886669.17,114886669.17,0.0,0.0053,0
2026-02-04T11:00:00,100000000.0,114886669.17,14886669.17,0,114886669.17,114886669.17,0.0,0.0053,0
2026-02-04T11:05:00,100000000.0,114886669.17,14886669.17,0,114886669.17,114886669.17,0.0,0.0053,0
2026-02-04T11:10:00,100000000.0,114886669.17,14886669.17,0,114886669.17,114886669.17,0.0,0.0053,0
2026-02-04T11:15:00,100000000.0,114886669.17,14886669.17,0,114886669.17,114886669.17,0.0,0.0053,0
2026-02-04T11:20:00,100000000.0,114886669.17,14886669.17,0,114886669.17,114886669.17,0.0,0.0053,0
2026-02-04T11:25:00,100000000.0,114886669.17,14886669.17,0,114886669.17,114886669.17,0.0,0.0053,0
2026-02-04T11:30:00,100000000.0,114886669.17,14886669.17,0,114886669.17,114886669.17,0.0,0.0053,0
2026-02-04T11:35:00,100000000.0,114886669.17,14886669.17,0,114886669.17,114886669.17,0.0,0.0053,0
2026-02-04T11:40:00,100000000.0,114886669.17,14886669.17,0,114886669.17,114886669.17,0.0,0.0053,0
2026-02-04T11:45:00,100000000.0,114886669.17,14886669.17,0,114886669.17,114886669.17,0.0,0.0053,0
2026-02-04T11:50:00,100000000.0,114886669.17,14886669.17,0,114886669.17,114886669.17,0.0,0.0053,0
2026-02-04T11:55:00,100000000.0,114886669.17,14886669.17,0,114886669.17,114886669.17,0.0,0.0053,0
2026-02-04T12:00:00,100000000.0,114886669.17,14886669.17,0,114886669.17,114886669.17,0.0,0.0053,0
2026-02-04T12:05:00,100000000.0,114886669.17,14886669.17,0,114886669.17,114886669.17,0.0,0.0053,0
2026-02-04T12:10:00,100000000.0,114886669.17,14886669.17,0,114886669.17,114886669.17,0.0,0.0053,0
2026-02-04T12:15:00,100000000.0,114886669.17,14886669.17,0,114886669.17,114886669.17,0.0,0.0053,0
2026-02-04T12:20:00,100000000.0,114886669.17,14886669.17,0,114886669.17,114886669.17,0.0,0.0053,0
2026-02-04T12:25:00,100000000.0,114886669.17,14886669.17,0,114886669.17,114886669.17,0.0,0.0053,0
2026-02-04T12:30:00,100000000.0,114886669.17,14886669.17,0,114886669.17,114886669.17,0.0,0.0053,0
2026-02-04T12:35:00,100000000.0,114886669.17,14886669.17,0,114886669.17,114886669.17,0.0,0.0053,0
2026-02-04T12:40:00,100000000.0,114886669.17,14886669.17,0,114886669.17,114886669.17,0.0,0.0053,0
2026-02-04T12:45:00,100000000.0,114886669.17,14886669.17,0,114886669.17,114886669.17,0.0,0.0053,0
2026-02-04T12:50:00,100000000.0,114886669.17,14886669.17,0,114886669.17,114886669.17,0.0,0.0053,0
2026-02-04T12:55:00,100000000.0,114886669.17,14886669.17,0,114886669.17,114886669.17,0.0,0.0053,0
2026-02-04T13:00:00,100000000.0,114886669.17,14886669.17,0,114886669.17,114886669.17,0.0,0.0053,0
2026-02-04T13:05:00,100000000.0,114886669.17,14886669.17,0,114886669.17,114886669.17,0.0,0.0053,0
2026-02-04T13:10:00,100000000.0,114886669.17,14886669.17,0,114886669.17,114886669.17,0.0,0.0053,0
2026-02-04T13:15:00,100000000.0,114886669.17,14886669.17,0,114886669.17,114886669.17,0.0,0.0053,0
2026-02-04T13:20:00,100000000.0,114886669.17,14886669.17,0,114886669.17,114886669.17,0.0,0.0053,0
2026-02-04T13:25:00,100000000.0,114886669.17,14886669.17,0,114886669.17,114886669.17,0.0,0.0053,0
2026-02-04T13:30:00,100000000.0,114886669.17,14886669.17,0,114886669.17,114886669.17,0.0,0.0053,0
2026-02-04T13:35:00,100000000.0,114886669.17,14886669.17,0,114886669.17,114886669.17,0.0,0.0053,0
2026-02-04T13:40:00,100000000.0,114886669.17,14886669.17,0,114886669.17,114886669.17,0.0,0.0053,0
2026-02-04T13:45:00,100000000.0,114886669.17,14886669.17,0,114886669.17,114886669.17,0.0,0.0053,0
2026-02-04T13:50:00,100000000.0,114886669.17,14886669.17,0,114886669.17,114886669.17,0.0,0.0053,0
2026-02-04T13:55:00,100000000.0,114886669.17,14886669.17,0,114886669.17,114886669.17,0.0,0.0053,0
2026-02-04T14:00:00,100000000.0,114886669.17,14886669.17,0,114886669.17,114886669.17,0.0,0.0053,0
2026-02-04T14:05:00,100000000.0,114886669.17,14886669.17,0,114886669.17,114886669.17,0.0,0.0053,0
2026-02-04T14:10:00,100000000.0,114886669.17,14886669.17,0,114886669.17,114886669.17,0.0,0.0053,0
2026-02-04T14:15:00,100000000.0,114886669.17,14886669.17,0,114886669.17,114886669.17,0.0,0.0053,0
2026-02-04T14:20:00,100000000.0,114886669.17,14886669.17,0,114886669.17,114886669.17,0.0,0.0053,0
2026-02-04T14:25:00,100000000.0,114886669.17,14886669.17,0,114886669.17,114886669.17,0.0,0.0053,0
2026-02-04T14:30:00,100000000.0,114886669.17,14886669.17,0,114886669.17,114886669.17,0.0,0.0053,0
2026-02-04T14:35:00,100000000.0,114886669.17,14886669.17,0,114886669.17,114886669.17,0.0,0.0053,0
2026-02-04T14:40:00,100000000.0,114886669.17,14886669.17,0,114886669.17,114886669.17,0.0,0.0053,0
2026-02-04T14:45:00,100000000.0,114886669.17,14886669.17,0,114886669.17,114886669.17,0.0,0.0053,0
2026-02-04T14:50:00,100000000.0,114886669.17,14886669.17,0,114886669.17,114886669.17,0.0,0.0053,0
2026-02-04T14:55:00,100000000.0,114886669.17,14886669.17,0,114886669.17,114886669.17,0.0,0.0053,0
2026-02-04T15:00:00,100000000.0,114886669.17,14886669.17,0,114886669.17,114886669.17,0.0,0.0053,0
2026-02-04T15:05:00,100000000.0,114886669.17,14886669.17,0,114886669.17,114886669.17,0.0,0.0053,0
2026-02-04T15:10:00,100000000.0,114886669.17,14886669.17,0,114886669.17,114886669.17,0.0,0.0053,0
2026-02-04T15:15:00,100000000.0,114886669.17,14886669.17,0,114886669.17,114886669.17,0.0,0.0053,0
2026-02-04T15:20:00,100000000.0,114886669.17,14886669.17,0,114886669.17,114886669.17,0.0,0.0053,0
2026-02-04T15:25:00,100000000.0,114886669.17,14886669.17,0,114886669.17,114886669.17,0.0,0.0053,0
2026-02-04T15:30:00,100000000.0,114886669.17,14886669.17,0,114886669.17,114886669.17,0.0,0.0053,0
2026-02-05T09:00:00,100000000.0,114886669.17,14886669.17,0,114886669.17,114886669.17,0.0,0.0053,0
2026-02-05T09:05:00,100000000.0,114886669.17,14886669.17,0,114886669.17,114886669.17,0.0,0.0053,0
2026-02-05T09:10:00,100000000.0,114886669.17,14886669.17,0,114886669.17,114886669.17,0.0,0.0053,0
2026-02-05T09:15:00,100000000.0,114886669.17,14886669.17,0,114886669.17,114886669.17,0.0,0.0053,0
2026-02-05T09:20:00,100000000.0,114886669.17,14886669.17,0,114886669.17,114886669.17,0.0,0.0053,0
2026-02-05T09:25:00,100000000.0,114886669.17,14886669.17,0,114886669.17,114886669.17,0.0,0.0053,0
2026-02-05T09:30:00,100000000.0,114886669.17,14886669.17,0,114886669.17,114886669.17,0.0,0.0053,0
2026-02-05T09:35:00,100000000.0,114886669.17,14886669.17,0,114886669.17,114886669.17,0.0,0.0053,0
2026-02-05T09:40:00,100000000.0,114886669.17,14886669.17,0,114886669.17,114886669.17,0.0,0.0053,0
2026-02-05T09:45:00,100000000.0,114886669.17,14886669.17,0,114886669.17,114886669.17,0.0,0.0053,0
2026-02-05T09:50:00,100000000.0,114886669.17,14886669.17,0,114886669.17,114886669.17,0.0,0.0053,0
2026-02-05T09:55:00,100000000.0,114886669.17,14886669.17,0,114886669.17,114886669.17,0.0,0.0053,0
2026-02-05T10:00:00,100000000.0,114886669.17,14886669.17,0,114886669.17,114886669.17,0.0,0.0053,0
2026-02-05T10:05:00,100000000.0,114886669.17,14886669.17,0,114886669.17,114886669.17,0.0,0.0053,0
2026-02-05T10:10:00,100000000.0,114886669.17,14886669.17,0,114886669.17,114886669.17,0.0,0.0053,0
2026-02-05T10:15:00,100000000.0,114886669.17,14886669.17,0,114886669.17,114886669.17,0.0,0.0053,0
2026-02-05T10:20:00,100000000.0,114886669.17,14886669.17,0,114886669.17,114886669.17,0.0,0.0053,0
2026-02-05T10:25:00,100000000.0,114886669.17,14886669.17,0,114886669.17,114886669.17,0.0,0.0053,0
2026-02-05T10:30:00,100000000.0,114886669.17,14886669.17,0,114886669.17,114886669.17,0.0,0.0053,0
2026-02-05T10:35:00,100000000.0,114886669.17,14886669.17,0,114886669.17,114886669.17,0.0,0.0053,0
2026-02-05T10:40:00,100000000.0,114886669.17,14886669.17,0,114886669.17,114886669.17,0.0,0.0053,0
2026-02-05T10:45:00,100000000.0,114886669.17,14886669.17,0,114886669.17,114886669.17,0.0,0.0053,0
2026-02-05T10:50:00,100000000.0,114886669.17,14886669.17,0,114886669.17,114886669.17,0.0,0.0053,0
2026-02-05T10:55:00,100000000.0,114886669.17,14886669.17,0,114886669.17,114886669.17,0.0,0.0053,0
2026-02-05T11:00:00,100000000.0,114886669.17,14886669.17,0,114886669.17,114886669.17,0.0,0.0053,0
2026-02-05T11:05:00,100000000.0,114886669.17,14886669.17,0,114886669.17,114886669.17,0.0,0.0053,0
2026-02-05T11:10:00,100000000.0,114886669.17,14886669.17,0,114886669.17,114886669.17,0.0,0.0053,0
2026-02-05T11:15:00,100000000.0,114886669.17,14886669.17,0,114886669.17,114886669.17,0.0,0.0053,0
2026-02-05T11:20:00,100000000.0,114886669.17,14886669.17,0,114886669.17,114886669.17,0.0,0.0053,0
2026-02-05T11:25:00,100000000.0,114886669.17,14886669.17,0,114886669.17,114886669.17,0.0,0.0053,0
2026-02-05T11:30:00,100000000.0,114886669.17,14886669.17,0,114886669.17,114886669.17,0.0,0.0053,0
2026-02-05T11:35:00,100000000.0,114886669.17,14886669.17,0,114886669.17,114886669.17,0.0,0.0053,0
2026-02-05T11:40:00,100000000.0,114886669.17,14886669.17,0,114886669.17,114886669.17,0.0,0.0053,0
2026-02-05T11:45:00,100000000.0,114886669.17,14886669.17,0,114886669.17,114886669.17,0.0,0.0053,0
2026-02-05T11:50:00,100000000.0,114886669.17,14886669.17,0,114886669.17,114886669.17,0.0,0.0053,0
2026-02-05T11:55:00,100000000.0,114886669.17,14886669.17,0,114886669.17,114886669.17,0.0,0.0053,0
2026-02-05T12:00:00,100000000.0,114886669.17,14886669.17,0,114886669.17,114886669.17,0.0,0.0053,0
2026-02-05T12:05:00,100000000.0,114886669.17,14886669.17,0,114886669.17,114886669.17,0.0,0.0053,0
2026-02-05T12:10:00,100000000.0,114886669.17,14886669.17,0,114886669.17,114886669.17,0.0,0.0053,0
2026-02-05T12:15:00,100000000.0,114886669.17,14886669.17,0,114886669.17,114886669.17,0.0,0.0053,0
2026-02-05T12:20:00,100000000.0,114886669.17,14886669.17,0,114886669.17,114886669.17,0.0,0.0053,0
2026-02-05T12:25:00,100000000.0,114886669.17,14886669.17,0,114886669.17,114886669.17,0.0,0.0053,0
2026-02-05T12:30:00,100000000.0,114886669.17,14886669.17,0,114886669.17,114886669.17,0.0,0.0053,0
2026-02-05T12:35:00,100000000.0,114886669.17,14886669.17,0,114886669.17,114886669.17,0.0,0.0053,0
2026-02-05T12:40:00,100000000.0,114886669.17,14886669.17,0,114886669.17,114886669.17,0.0,0.0053,0
2026-02-05T12:45:00,100000000.0,114886669.17,14886669.17,0,114886669.17,114886669.17,0.0,0.0053,0
2026-02-05T12:50:00,100000000.0,114886669.17,14886669.17,0,114886669.17,114886669.17,0.0,0.0053,0
2026-02-05T12:55:00,100000000.0,114886669.17,14886669.17,0,114886669.17,114886669.17,0.0,0.0053,0
2026-02-05T13:00:00,100000000.0,114886669.17,14886669.17,0,114886669.17,114886669.17,0.0,0.0053,0
2026-02-05T13:05:00,100000000.0,114886669.17,14886669.17,0,114886669.17,114886669.17,0.0,0.0053,0
2026-02-05T13:10:00,100000000.0,114886669.17,14886669.17,0,114886669.17,114886669.17,0.0,0.0053,0
2026-02-05T13:15:00,100000000.0,114886669.17,14886669.17,0,114886669.17,114886669.17,0.0,0.0053,0
2026-02-05T13:20:00,100000000.0,114886669.17,14886669.17,0,114886669.17,114886669.17,0.0,0.0053,0
2026-02-05T13:25:00,100000000.0,114886669.17,14886669.17,0,114886669.17,114886669.17,0.0,0.0053,0
2026-02-05T13:30:00,100000000.0,114886669.17,14886669.17,0,114886669.17,114886669.17,0.0,0.0053,0
2026-02-05T13:35:00,100000000.0,114886669.17,14886669.17,0,114886669.17,114886669.17,0.0,0.0053,0
2026-02-05T13:40:00,100000000.0,114886669.17,14886669.17,0,114886669.17,114886669.17,0.0,0.0053,0
2026-02-05T13:45:00,100000000.0,114886669.17,14886669.17,0,114886669.17,114886669.17,0.0,0.0053,0
2026-02-05T13:50:00,100000000.0,114886669.17,14886669.17,0,114886669.17,114886669.17,0.0,0.0053,0
2026-02-05T13:55:00,100000000.0,114886669.17,14886669.17,0,114886669.17,114886669.17,0.0,0.0053,0
2026-02-05T14:00:00,100000000.0,114886669.17,14886669.17,0,114886669.17,114886669.17,0.0,0.0053,0
2026-02-05T14:05:00,100000000.0,114886669.17,14886669.17,0,114886669.17,114886669.17,0.0,0.0053,0
2026-02-05T14:10:00,100000000.0,114886669.17,14886669.17,0,114886669.17,114886669.17,0.0,0.0053,0
2026-02-05T14:15:00,100000000.0,114886669.17,14886669.17,0,114886669.17,114886669.17,0.0,0.0053,0
2026-02-05T14:20:00,100000000.0,114886669.17,14886669.17,0,114886669.17,114886669.17,0.0,0.0053,0
2026-02-05T14:25:00,100000000.0,114886669.17,14886669.17,0,114886669.17,114886669.17,0.0,0.0053,0
2026-02-05T14:30:00,100000000.0,114886669.17,14886669.17,0,114886669.17,114886669.17,0.0,0.0053,0
2026-02-05T14:35:00,100000000.0,114886669.17,14886669.17,0,114886669.17,114886669.17,0.0,0.0053,0
2026-02-05T14:40:00,100000000.0,114886669.17,14886669.17,0,114886669.17,114886669.17,0.0,0.0053,0
2026-02-05T14:45:00,100000000.0,114886669.17,14886669.17,0,114886669.17,114886669.17,0.0,0.0053,0
2026-02-05T14:50:00,100000000.0,114886669.17,14886669.17,0,114886669.17,114886669.17,0.0,0.0053,0
2026-02-05T14:55:00,100000000.0,114886669.17,14886669.17,0,114886669.17,114886669.17,0.0,0.0053,0
2026-02-05T15:00:00,100000000.0,114886669.17,14886669.17,0,114886669.17,114886669.17,0.0,0.0053,0
2026-02-05T15:05:00,100000000.0,114886669.17,14886669.17,0,114886669.17,114886669.17,0.0,0.0053,0
2026-02-05T15:10:00,100000000.0,114886669.17,14886669.17,0,114886669.17,114886669.17,0.0,0.0053,0
2026-02-05T15:15:00,100000000.0,114886669.17,14886669.17,0,114886669.17,114886669.17,0.0,0.0053,0
2026-02-05T15:20:00,100000000.0,114886669.17,14886669.17,0,114886669.17,114886669.17,0.0,0.0053,0
2026-02-05T15:25:00,100000000.0,114886669.17,14886669.17,0,114886669.17,114886669.17,0.0,0.0053,0
2026-02-05T15:30:00,100000000.0,114886669.17,14886669.17,0,114886669.17,114886669.17,0.0,0.0053,0
2026-02-06T09:00:00,100000000.0,114886669.17,14886669.17,0,114886669.17,114886669.17,0.0,0.0053,0
2026-02-06T09:05:00,100000000.0,114886669.17,14886669.17,0,114886669.17,114886669.17,0.0,0.0053,0
2026-02-06T09:10:00,100000000.0,114886669.17,14886669.17,0,114886669.17,114886669.17,0.0,0.0053,0
2026-02-06T09:15:00,100000000.0,114886669.17,14886669.17,0,114886669.17,114886669.17,0.0,0.0053,0
2026-02-06T09:20:00,100000000.0,114886669.17,14886669.17,0,114886669.17,114886669.17,0.0,0.0053,0
2026-02-06T09:25:00,100000000.0,114886669.17,14886669.17,0,114886669.17,114886669.17,0.0,0.0053,0
2026-02-06T09:30:00,100000000.0,114886669.17,14886669.17,0,114886669.17,114886669.17,0.0,0.0053,0
2026-02-06T09:35:00,100000000.0,114886669.17,14886669.17,0,114886669.17,114886669.17,0.0,0.0053,0
2026-02-06T09:40:00,100000000.0,114886669.17,14886669.17,0,114886669.17,114886669.17,0.0,0.0053,0
2026-02-06T09:45:00,100000000.0,114886669.17,14886669.17,0,114886669.17,114886669.17,0.0,0.0053,0
2026-02-06T09:50:00,100000000.0,114886669.17,14886669.17,0,114886669.17,114886669.17,0.0,0.0053,0
2026-02-06T09:55:00,100000000.0,114886669.17,14886669.17,0,114886669.17,114886669.17,0.0,0.0053,0
2026-02-06T10:00:00,100000000.0,114886669.17,14886669.17,0,114886669.17,114886669.17,0.0,0.0053,0
2026-02-06T10:05:00,100000000.0,114886669.17,14886669.17,0,114886669.17,114886669.17,0.0,0.0053,0
2026-02-06T10:10:00,100000000.0,114886669.17,14886669.17,0,114886669.17,114886669.17,0.0,0.0053,0
2026-02-06T10:15:00,100000000.0,114886669.17,14886669.17,0,114886669.17,114886669.17,0.0,0.0053,0
2026-02-06T10:20:00,100000000.0,114886669.17,14886669.17,0,114886669.17,114886669.17,0.0,0.0053,0
2026-02-06T10:25:00,100000000.0,114886669.17,14886669.17,0,114886669.17,114886669.17,0.0,0.0053,0
2026-02-06T10:30:00,100000000.0,114886669.17,14886669.17,0,114886669.17,114886669.17,0.0,0.0053,0
2026-02-06T10:35:00,100000000.0,114886669.17,14886669.17,0,114886669.17,114886669.17,0.0,0.0053,0
2026-02-06T10:40:00,100000000.0,114886669.17,14886669.17,0,114886669.17,114886669.17,0.0,0.0053,0
2026-02-06T10:45:00,100000000.0,114886669.17,14886669.17,0,114886669.17,114886669.17,0.0,0.0053,0
2026-02-06T10:50:00,100000000.0,114886669.17,14886669.17,0,114886669.17,114886669.17,0.0,0.0053,0
2026-02-06T10:55:00,100000000.0,114886669.17,14886669.17,0,114886669.17,114886669.17,0.0,0.0053,0
2026-02-06T11:00:00,100000000.0,114886669.17,14886669.17,0,114886669.17,114886669.17,0.0,0.0053,0
2026-02-06T11:05:00,100000000.0,114886669.17,14886669.17,0,114886669.17,114886669.17,0.0,0.0053,0
2026-02-06T11:10:00,100000000.0,114886669.17,14886669.17,0,114886669.17,114886669.17,0.0,0.0053,0
2026-02-06T11:15:00,100000000.0,114886669.17,14886669.17,0,114886669.17,114886669.17,0.0,0.0053,0
2026-02-06T11:20:00,100000000.0,114886669.17,14886669.17,0,114886669.17,114886669.17,0.0,0.0053,0
2026-02-06T11:25:00,100000000.0,114886669.17,14886669.17,0,114886669.17,114886669.17,0.0,0.0053,0
2026-02-06T11:30:00,100000000.0,114886669.17,14886669.17,0,114886669.17,114886669.17,0.0,0.0053,0
2026-02-06T11:35:00,100000000.0,114886669.17,14886669.17,0,114886669.17,114886669.17,0.0,0.0053,0
2026-02-06T11:40:00,100000000.0,114886669.17,14886669.17,0,114886669.17,114886669.17,0.0,0.0053,0
2026-02-06T11:45:00,100000000.0,114886669.17,14886669.17,0,114886669.17,114886669.17,0.0,0.0053,0
2026-02-06T11:50:00,100000000.0,114886669.17,14886669.17,0,114886669.17,114886669.17,0.0,0.0053,0
2026-02-06T11:55:00,100000000.0,114886669.17,14886669.17,0,114886669.17,114886669.17,0.0,0.0053,0
2026-02-06T12:00:00,100000000.0,114886669.17,14886669.17,0,114886669.17,114886669.17,0.0,0.0053,0
2026-02-06T12:05:00,100000000.0,114886669.17,14886669.17,0,114886669.17,114886669.17,0.0,0.0053,0
2026-02-06T12:10:00,100000000.0,114886669.17,14886669.17,0,114886669.17,114886669.17,0.0,0.0053,0
2026-02-06T12:15:00,100000000.0,114886669.17,14886669.17,0,114886669.17,114886669.17,0.0,0.0053,0
2026-02-06T12:20:00,100000000.0,114886669.17,14886669.17,0,114886669.17,114886669.17,0.0,0.0053,0
2026-02-06T12:25:00,100000000.0,114886669.17,14886669.17,0,114886669.17,114886669.17,0.0,0.0053,0
2026-02-06T12:30:00,100000000.0,114886669.17,14886669.17,0,114886669.17,114886669.17,0.0,0.0053,0
2026-02-06T12:35:00,100000000.0,114886669.17,14886669.17,0,114886669.17,114886669.17,0.0,0.0053,0
2026-02-06T12:40:00,100000000.0,114886669.17,14886669.17,0,114886669.17,114886669.17,0.0,0.0053,0
2026-02-06T12:45:00,100000000.0,114886669.17,14886669.17,0,114886669.17,114886669.17,0.0,0.0053,0
2026-02-06T12:50:00,100000000.0,114886669.17,14886669.17,0,114886669.17,114886669.17,0.0,0.0053,0
2026-02-06T12:55:00,100000000.0,114886669.17,14886669.17,0,114886669.17,114886669.17,0.0,0.0053,0
2026-02-06T13:00:00,100000000.0,114886669.17,14886669.17,0,114886669.17,114886669.17,0.0,0.0053,0
2026-02-06T13:05:00,100000000.0,114886669.17,14886669.17,0,114886669.17,114886669.17,0.0,0.0053,0
2026-02-06T13:10:00,100000000.0,114886669.17,14886669.17,0,114886669.17,114886669.17,0.0,0.0053,0
2026-02-06T13:15:00,100000000.0,114886669.17,14886669.17,0,114886669.17,114886669.17,0.0,0.0053,0
2026-02-06T13:20:00,100000000.0,114886669.17,14886669.17,0,114886669.17,114886669.17,0.0,0.0053,0
2026-02-06T13:25:00,100000000.0,114886669.17,14886669.17,0,114886669.17,114886669.17,0.0,0.0053,0
2026-02-06T13:30:00,100000000.0,114886669.17,14886669.17,0,114886669.17,114886669.17,0.0,0.0053,0
2026-02-06T13:35:00,100000000.0,114886669.17,14886669.17,0,114886669.17,114886669.17,0.0,0.0053,0
2026-02-06T13:40:00,100000000.0,114886669.17,14886669.17,0,114886669.17,114886669.17,0.0,0.0053,0
2026-02-06T13:45:00,100000000.0,114886669.17,14886669.17,0,114886669.17,114886669.17,0.0,0.0053,0
2026-02-06T13:50:00,100000000.0,114886669.17,14886669.17,0,114886669.17,114886669.17,0.0,0.0053,0
2026-02-06T13:55:00,100000000.0,114886669.17,14886669.17,0,114886669.17,114886669.17,0.0,0.0053,0
2026-02-06T14:00:00,100000000.0,114886669.17,14886669.17,0,114886669.17,114886669.17,0.0,0.0053,0
2026-02-06T14:05:00,100000000.0,114886669.17,14886669.17,0,114886669.17,114886669.17,0.0,0.0053,0
2026-02-06T14:10:00,100000000.0,114886669.17,14886669.17,0,114886669.17,114886669.17,0.0,0.0053,0
2026-02-06T14:15:00,100000000.0,114886669.17,14886669.17,0,114886669.17,114886669.17,0.0,0.0053,0
2026-02-06T14:20:00,100000000.0,114886669.17,14886669.17,0,114886669.17,114886669.17,0.0,0.0053,0
2026-02-06T14:25:00,100000000.0,114886669.17,14886669.17,0,114886669.17,114886669.17,0.0,0.0053,0
2026-02-06T14:30:00,100000000.0,114886669.17,14886669.17,0,114886669.17,114886669.17,0.0,0.0053,0
2026-02-06T14:35:00,100000000.0,114886669.17,14886669.17,0,114886669.17,114886669.17,0.0,0.0053,0
2026-02-06T14:40:00,100000000.0,114886669.17,14886669.17,0,114886669.17,114886669.17,0.0,0.0053,0
2026-02-06T14:45:00,100000000.0,114886669.17,14886669.17,0,114886669.17,114886669.17,0.0,0.0053,0
2026-02-06T14:50:00,100000000.0,114886669.17,14886669.17,0,114886669.17,114886669.17,0.0,0.0053,0
2026-02-06T14:55:00,100000000.0,114886669.17,14886669.17,0,114886669.17,114886669.17,0.0,0.0053,0
2026-02-06T15:00:00,100000000.0,114886669.17,14886669.17,0,114886669.17,114886669.17,0.0,0.0053,0
2026-02-06T15:05:00,100000000.0,114886669.17,14886669.17,0,114886669.17,114886669.17,0.0,0.0053,0
2026-02-06T15:10:00,100000000.0,114886669.17,14886669.17,0,114886669.17,114886669.17,0.0,0.0053,0
2026-02-06T15:15:00,100000000.0,114886669.17,14886669.17,0,114886669.17,114886669.17,0.0,0.0053,0
2026-02-06T15:20:00,100000000.0,114886669.17,14886669.17,0,114886669.17,114886669.17,0.0,0.0053,0
2026-02-06T15:25:00,100000000.0,114886669.17,14886669.17,0,114886669.17,114886669.17,0.0,0.0053,0
2026-02-06T15:30:00,100000000.0,114886669.17,14886669.17,0,114886669.17,114886669.17,0.0,0.0053,0
2026-02-09T09:00:00,100000000.0,114886669.17,14886669.17,0,114886669.17,114886669.17,0.0,0.0053,0
2026-02-09T09:05:00,100000000.0,114886669.17,14886669.17,0,114886669.17,114886669.17,0.0,0.0053,0
2026-02-09T09:10:00,100000000.0,114886669.17,14886669.17,0,114886669.17,114886669.17,0.0,0.0053,0
2026-02-09T09:15:00,100000000.0,114886669.17,14886669.17,0,114886669.17,114886669.17,0.0,0.0053,0
2026-02-09T09:20:00,100000000.0,114886669.17,14886669.17,0,114886669.17,114886669.17,0.0,0.0053,0
2026-02-09T09:25:00,100000000.0,114886669.17,14886669.17,0,114886669.17,114886669.17,0.0,0.0053,0
2026-02-09T09:30:00,100000000.0,114886669.17,14886669.17,0,114886669.17,114886669.17,0.0,0.0053,0
2026-02-09T09:35:00,100000000.0,114886669.17,14886669.17,0,114886669.17,114886669.17,0.0,0.0053,0
2026-02-09T09:40:00,100000000.0,114886669.17,14886669.17,0,114886669.17,114886669.17,0.0,0.0053,0
2026-02-09T09:45:00,100000000.0,114886669.17,14886669.17,0,114886669.17,114886669.17,0.0,0.0053,0
2026-02-09T09:50:00,100000000.0,114886669.17,14886669.17,0,114886669.17,114886669.17,0.0,0.0053,0
2026-02-09T09:55:00,100000000.0,114886669.17,14886669.17,0,114886669.17,114886669.17,0.0,0.0053,0
2026-02-09T10:00:00,100000000.0,114886669.17,14886669.17,0,114886669.17,114886669.17,0.0,0.0053,0
2026-02-09T10:05:00,100000000.0,114886669.17,14886669.17,0,114886669.17,114886669.17,0.0,0.0053,0
2026-02-09T10:10:00,100000000.0,114886669.17,14886669.17,0,114886669.17,114886669.17,0.0,0.0053,0
2026-02-09T10:15:00,100000000.0,114886669.17,14886669.17,0,114886669.17,114886669.17,0.0,0.0053,0
2026-02-09T10:20:00,100000000.0,114886669.17,14886669.17,0,114886669.17,114886669.17,0.0,0.0053,0
2026-02-09T10:25:00,100000000.0,114886669.17,14886669.17,0,114886669.17,114886669.17,0.0,0.0053,0
2026-02-09T10:30:00,100000000.0,114886669.17,14886669.17,0,114886669.17,114886669.17,0.0,0.0053,0
2026-02-09T10:35:00,100000000.0,114886669.17,14886669.17,0,114886669.17,114886669.17,0.0,0.0053,0
2026-02-09T10:40:00,100000000.0,114886669.17,14886669.17,0,114886669.17,114886669.17,0.0,0.0053,0
2026-02-09T10:45:00,100000000.0,114886669.17,14886669.17,0,114886669.17,114886669.17,0.0,0.0053,0
2026-02-09T10:50:00,100000000.0,114886669.17,14886669.17,0,114886669.17,114886669.17,0.0,0.0053,0
2026-02-09T10:55:00,100000000.0,114886669.17,14886669.17,0,114886669.17,114886669.17,0.0,0.0053,0
2026-02-09T11:00:00,100000000.0,114886669.17,14886669.17,0,114886669.17,114886669.17,0.0,0.0053,0
2026-02-09T11:05:00,100000000.0,114886669.17,14886669.17,0,114886669.17,114886669.17,0.0,0.0053,0
2026-02-09T11:10:00,100000000.0,114886669.17,14886669.17,0,114886669.17,114886669.17,0.0,0.0053,0
2026-02-09T11:15:00,100000000.0,114886669.17,14886669.17,0,114886669.17,114886669.17,0.0,0.0053,0
2026-02-09T11:20:00,100000000.0,114886669.17,14886669.17,0,114886669.17,114886669.17,0.0,0.0053,0
2026-02-09T11:25:00,100000000.0,114886669.17,14886669.17,0,114886669.17,114886669.17,0.0,0.0053,0
2026-02-09T11:30:00,100000000.0,114886669.17,14886669.17,0,114886669.17,114886669.17,0.0,0.0053,0
2026-02-09T11:35:00,100000000.0,114886669.17,14886669.17,0,114886669.17,114886669.17,0.0,0.0053,0
2026-02-09T11:40:00,100000000.0,114886669.17,14886669.17,0,114886669.17,114886669.17,0.0,0.0053,0
2026-02-09T11:45:00,100000000.0,114886669.17,14886669.17,0,114886669.17,114886669.17,0.0,0.0053,0
2026-02-09T11:50:00,100000000.0,114886669.17,14886669.17,0,114886669.17,114886669.17,0.0,0.0053,0
2026-02-09T11:55:00,100000000.0,114886669.17,14886669.17,0,114886669.17,114886669.17,0.0,0.0053,0
2026-02-09T12:00:00,100000000.0,114886669.17,14886669.17,0,114886669.17,114886669.17,0.0,0.0053,0
2026-02-09T12:05:00,100000000.0,114886669.17,14886669.17,0,114886669.17,114886669.17,0.0,0.0053,0
2026-02-09T12:10:00,100000000.0,114886669.17,14886669.17,0,114886669.17,114886669.17,0.0,0.0053,0
2026-02-09T12:15:00,100000000.0,114886669.17,14886669.17,0,114886669.17,114886669.17,0.0,0.0053,0
2026-02-09T12:20:00,100000000.0,114886669.17,14886669.17,0,114886669.17,114886669.17,0.0,0.0053,0
2026-02-09T12:25:00,100000000.0,114886669.17,14886669.17,0,114886669.17,114886669.17,0.0,0.0053,0
2026-02-09T12:30:00,100000000.0,114886669.17,14886669.17,0,114886669.17,114886669.17,0.0,0.0053,0
2026-02-09T12:35:00,100000000.0,114886669.17,14886669.17,0,114886669.17,114886669.17,0.0,0.0053,0
2026-02-09T12:40:00,100000000.0,114886669.17,14886669.17,0,114886669.17,114886669.17,0.0,0.0053,0
2026-02-09T12:45:00,100000000.0,114886669.17,14886669.17,0,114886669.17,114886669.17,0.0,0.0053,0
2026-02-09T12:50:00,100000000.0,114886669.17,14886669.17,0,114886669.17,114886669.17,0.0,0.0053,0
2026-02-09T12:55:00,100000000.0,114886669.17,14886669.17,0,114886669.17,114886669.17,0.0,0.0053,0
2026-02-09T13:00:00,100000000.0,114886669.17,14886669.17,0,114886669.17,114886669.17,0.0,0.0053,0
2026-02-09T13:05:00,100000000.0,114886669.17,14886669.17,0,114886669.17,114886669.17,0.0,0.0053,0
2026-02-09T13:10:00,100000000.0,114886669.17,14886669.17,0,114886669.17,114886669.17,0.0,0.0053,0
2026-02-09T13:15:00,100000000.0,114886669.17,14886669.17,0,114886669.17,114886669.17,0.0,0.0053,0
2026-02-09T13:20:00,100000000.0,114886669.17,14886669.17,0,114886669.17,114886669.17,0.0,0.0053,0
2026-02-09T13:25:00,100000000.0,114886669.17,14886669.17,0,114886669.17,114886669.17,0.0,0.0053,0
2026-02-09T13:30:00,100000000.0,114886669.17,14886669.17,0,114886669.17,114886669.17,0.0,0.0053,0
2026-02-09T13:35:00,100000000.0,114886669.17,14886669.17,0,114886669.17,114886669.17,0.0,0.0053,0
2026-02-09T13:40:00,100000000.0,114886669.17,14886669.17,0,114886669.17,114886669.17,0.0,0.0053,0
2026-02-09T13:45:00,100000000.0,114886669.17,14886669.17,0,114886669.17,114886669.17,0.0,0.0053,0
2026-02-09T13:50:00,100000000.0,114886669.17,14886669.17,0,114886669.17,114886669.17,0.0,0.0053,0
2026-02-09T13:55:00,100000000.0,114886669.17,14886669.17,0,114886669.17,114886669.17,0.0,0.0053,0
2026-02-09T14:00:00,100000000.0,114886669.17,14886669.17,0,114886669.17,114886669.17,0.0,0.0053,0
2026-02-09T14:05:00,100000000.0,114886669.17,14886669.17,0,114886669.17,114886669.17,0.0,0.0053,0
2026-02-09T14:10:00,100000000.0,114886669.17,14886669.17,0,114886669.17,114886669.17,0.0,0.0053,0
2026-02-09T14:15:00,100000000.0,114886669.17,14886669.17,0,114886669.17,114886669.17,0.0,0.0053,0
2026-02-09T14:20:00,100000000.0,114886669.17,14886669.17,0,114886669.17,114886669.17,0.0,0.0053,0
2026-02-09T14:25:00,100000000.0,114886669.17,14886669.17,0,114886669.17,114886669.17,0.0,0.0053,0
2026-02-09T14:30:00,100000000.0,114886669.17,14886669.17,0,114886669.17,114886669.17,0.0,0.0053,0
2026-02-09T14:35:00,100000000.0,114886669.17,14886669.17,0,114886669.17,114886669.17,0.0,0.0053,0
2026-02-09T14:40:00,100000000.0,114886669.17,14886669.17,0,114886669.17,114886669.17,0.0,0.0053,0
2026-02-09T14:45:00,100000000.0,114886669.17,14886669.17,0,114886669.17,114886669.17,0.0,0.0053,0
2026-02-09T14:50:00,100000000.0,114886669.17,14886669.17,0,114886669.17,114886669.17,0.0,0.0053,0
2026-02-09T14:55:00,100000000.0,114886669.17,14886669.17,0,114886669.17,114886669.17,0.0,0.0053,0
2026-02-09T15:00:00,100000000.0,114886669.17,14886669.17,0,114886669.17,114886669.17,0.0,0.0053,0
2026-02-09T15:05:00,100000000.0,114886669.17,14886669.17,0,114886669.17,114886669.17,0.0,0.0053,0
2026-02-09T15:10:00,100000000.0,114886669.17,14886669.17,0,114886669.17,114886669.17,0.0,0.0053,0
2026-02-09T15:15:00,100000000.0,114886669.17,14886669.17,0,114886669.17,114886669.17,0.0,0.0053,0
2026-02-09T15:20:00,100000000.0,114886669.17,14886669.17,0,114886669.17,114886669.17,0.0,0.0053,0
2026-02-09T15:25:00,100000000.0,114886669.17,14886669.17,0,114886669.17,114886669.17,0.0,0.0053,0
2026-02-09T15:30:00,100000000.0,114886669.17,14886669.17,0,114886669.17,114886669.17,0.0,0.0053,0
2026-02-10T09:00:00,100000000.0,114886669.17,14886669.17,0,114886669.17,114886669.17,0.0,0.0053,0
2026-02-10T09:05:00,100000000.0,114886669.17,14886669.17,0,114886669.17,114886669.17,0.0,0.0053,0
2026-02-10T09:10:00,100000000.0,114886669.17,14886669.17,0,114886669.17,114886669.17,0.0,0.0053,0
2026-02-10T09:15:00,100000000.0,114886669.17,14886669.17,0,114886669.17,114886669.17,0.0,0.0053,0
2026-02-10T09:20:00,100000000.0,114886669.17,14886669.17,0,114886669.17,114886669.17,0.0,0.0053,0
2026-02-10T09:25:00,100000000.0,114886669.17,14886669.17,0,114886669.17,114886669.17,0.0,0.0053,0
2026-02-10T09:30:00,100000000.0,114886669.17,14886669.17,0,114886669.17,114886669.17,0.0,0.0053,0
2026-02-10T09:35:00,100000000.0,114886669.17,14886669.17,0,114886669.17,114886669.17,0.0,0.0053,0
2026-02-10T09:40:00,100000000.0,114886669.17,14886669.17,0,114886669.17,114886669.17,0.0,0.0053,0
2026-02-10T09:45:00,100000000.0,114886669.17,14886669.17,0,114886669.17,114886669.17,0.0,0.0053,0
2026-02-10T09:50:00,100000000.0,114886669.17,14886669.17,0,114886669.17,114886669.17,0.0,0.0053,0
2026-02-10T09:55:00,100000000.0,114886669.17,14886669.17,0,114886669.17,114886669.17,0.0,0.0053,0
2026-02-10T10:00:00,100000000.0,114886669.17,14886669.17,0,114886669.17,114886669.17,0.0,0.0053,0
2026-02-10T10:05:00,100000000.0,114886669.17,14886669.17,0,114886669.17,114886669.17,0.0,0.0053,0
2026-02-10T10:10:00,100000000.0,114886669.17,14886669.17,0,114886669.17,114886669.17,0.0,0.0053,0
2026-02-10T10:15:00,100000000.0,114886669.17,14886669.17,0,114886669.17,114886669.17,0.0,0.0053,0
2026-02-10T10:20:00,100000000.0,114886669.17,14886669.17,0,114886669.17,114886669.17,0.0,0.0053,0
2026-02-10T10:25:00,100000000.0,114886669.17,14886669.17,0,114886669.17,114886669.17,0.0,0.0053,0
2026-02-10T10:30:00,100000000.0,114886669.17,14886669.17,0,114886669.17,114886669.17,0.0,0.0053,0
2026-02-10T10:35:00,100000000.0,114886669.17,14886669.17,0,114886669.17,114886669.17,0.0,0.0053,0
2026-02-10T10:40:00,100000000.0,114886669.17,14886669.17,0,114886669.17,114886669.17,0.0,0.0053,0
2026-02-10T10:45:00,100000000.0,114886669.17,14886669.17,0,114886669.17,114886669.17,0.0,0.0053,0
2026-02-10T10:50:00,100000000.0,114886669.17,14886669.17,0,114886669.17,114886669.17,0.0,0.0053,0
2026-02-10T10:55:00,100000000.0,114886669.17,14886669.17,0,114886669.17,114886669.17,0.0,0.0053,0
2026-02-10T11:00:00,100000000.0,114886669.17,14886669.17,0,114886669.17,114886669.17,0.0,0.0053,0
2026-02-10T11:05:00,100000000.0,114886669.17,14886669.17,0,114886669.17,114886669.17,0.0,0.0053,0
2026-02-10T11:10:00,100000000.0,114886669.17,14886669.17,0,114886669.17,114886669.17,0.0,0.0053,0
2026-02-10T11:15:00,100000000.0,114886669.17,14886669.17,0,114886669.17,114886669.17,0.0,0.0053,0
2026-02-10T11:20:00,100000000.0,114886669.17,14886669.17,0,114886669.17,114886669.17,0.0,0.0053,0
2026-02-10T11:25:00,100000000.0,114886669.17,14886669.17,0,114886669.17,114886669.17,0.0,0.0053,0
2026-02-10T11:30:00,100000000.0,114886669.17,14886669.17,0,114886669.17,114886669.17,0.0,0.0053,0
2026-02-10T11:35:00,100000000.0,114886669.17,14886669.17,0,114886669.17,114886669.17,0.0,0.0053,0
2026-02-10T11:40:00,100000000.0,114886669.17,14886669.17,0,114886669.17,114886669.17,0.0,0.0053,0
2026-02-10T11:45:00,100000000.0,114886669.17,14886669.17,0,114886669.17,114886669.17,0.0,0.0053,0
2026-02-10T11:50:00,100000000.0,114886669.17,14886669.17,0,114886669.17,114886669.17,0.0,0.0053,0
2026-02-10T11:55:00,100000000.0,114886669.17,14886669.17,0,114886669.17,114886669.17,0.0,0.0053,0
2026-02-10T12:00:00,100000000.0,114886669.17,14886669.17,0,114886669.17,114886669.17,0.0,0.0053,0
2026-02-10T12:05:00,100000000.0,114886669.17,14886669.17,0,114886669.17,114886669.17,0.0,0.0053,0
2026-02-10T12:10:00,100000000.0,114886669.17,14886669.17,0,114886669.17,114886669.17,0.0,0.0053,0
2026-02-10T12:15:00,100000000.0,114886669.17,14886669.17,0,114886669.17,114886669.17,0.0,0.0053,0
2026-02-10T12:20:00,100000000.0,114886669.17,14886669.17,0,114886669.17,114886669.17,0.0,0.0053,0
2026-02-10T12:25:00,100000000.0,114886669.17,14886669.17,0,114886669.17,114886669.17,0.0,0.0053,0
2026-02-10T12:30:00,100000000.0,114886669.17,14886669.17,0,114886669.17,114886669.17,0.0,0.0053,0
2026-02-10T12:35:00,100000000.0,114886669.17,14886669.17,0,114886669.17,114886669.17,0.0,0.0053,0
2026-02-10T12:40:00,100000000.0,114886669.17,14886669.17,0,114886669.17,114886669.17,0.0,0.0053,0
2026-02-10T12:45:00,100000000.0,114886669.17,14886669.17,0,114886669.17,114886669.17,0.0,0.0053,0
2026-02-10T12:50:00,100000000.0,114886669.17,14886669.17,0,114886669.17,114886669.17,0.0,0.0053,0
2026-02-10T12:55:00,100000000.0,114886669.17,14886669.17,0,114886669.17,114886669.17,0.0,0.0053,0
2026-02-10T13:00:00,100000000.0,114886669.17,14886669.17,0,114886669.17,114886669.17,0.0,0.0053,0
2026-02-10T13:05:00,100000000.0,114886669.17,14886669.17,0,114886669.17,114886669.17,0.0,0.0053,0
2026-02-10T13:10:00,100000000.0,114886669.17,14886669.17,0,114886669.17,114886669.17,0.0,0.0053,0
2026-02-10T13:15:00,100000000.0,114886669.17,14886669.17,0,114886669.17,114886669.17,0.0,0.0053,0
2026-02-10T13:20:00,100000000.0,114886669.17,14886669.17,0,114886669.17,114886669.17,0.0,0.0053,0
2026-02-10T13:25:00,100000000.0,114886669.17,14886669.17,0,114886669.17,114886669.17,0.0,0.0053,0
2026-02-10T13:30:00,100000000.0,114886669.17,14886669.17,0,114886669.17,114886669.17,0.0,0.0053,0
2026-02-10T13:35:00,100000000.0,114886669.17,14886669.17,0,114886669.17,114886669.17,0.0,0.0053,0
2026-02-10T13:40:00,100000000.0,114886669.17,14886669.17,0,114886669.17,114886669.17,0.0,0.0053,0
2026-02-10T13:45:00,100000000.0,114886669.17,14886669.17,0,114886669.17,114886669.17,0.0,0.0053,0
2026-02-10T13:50:00,100000000.0,114886669.17,14886669.17,0,114886669.17,114886669.17,0.0,0.0053,0
2026-02-10T13:55:00,100000000.0,114886669.17,14886669.17,0,114886669.17,114886669.17,0.0,0.0053,0
2026-02-10T14:00:00,100000000.0,114886669.17,14886669.17,0,114886669.17,114886669.17,0.0,0.0053,0
2026-02-10T14:05:00,100000000.0,114886669.17,14886669.17,0,114886669.17,114886669.17,0.0,0.0053,0
2026-02-10T14:10:00,100000000.0,114886669.17,14886669.17,0,114886669.17,114886669.17,0.0,0.0053,0
2026-02-10T14:15:00,100000000.0,114886669.17,14886669.17,0,114886669.17,114886669.17,0.0,0.0053,0
2026-02-10T14:20:00,100000000.0,114886669.17,14886669.17,0,114886669.17,114886669.17,0.0,0.0053,0
2026-02-10T14:25:00,100000000.0,114886669.17,14886669.17,0,114886669.17,114886669.17,0.0,0.0053,0
2026-02-10T14:30:00,100000000.0,114886669.17,14886669.17,0,114886669.17,114886669.17,0.0,0.0053,0
2026-02-10T14:35:00,100000000.0,114886669.17,14886669.17,0,114886669.17,114886669.17,0.0,0.0053,0
2026-02-10T14:40:00,100000000.0,114886669.17,14886669.17,0,114886669.17,114886669.17,0.0,0.0053,0
2026-02-10T14:45:00,100000000.0,114886669.17,14886669.17,0,114886669.17,114886669.17,0.0,0.0053,0
2026-02-10T14:50:00,100000000.0,114886669.17,14886669.17,0,114886669.17,114886669.17,0.0,0.0053,0
2026-02-10T14:55:00,100000000.0,114886669.17,14886669.17,0,114886669.17,114886669.17,0.0,0.0053,0
2026-02-10T15:00:00,100000000.0,114886669.17,14886669.17,0,114886669.17,114886669.17,0.0,0.0053,0
2026-02-10T15:05:00,100000000.0,114886669.17,14886669.17,0,114886669.17,114886669.17,0.0,0.0053,0
2026-02-10T15:10:00,100000000.0,114886669.17,14886669.17,0,114886669.17,114886669.17,0.0,0.0053,0
2026-02-10T15:15:00,100000000.0,114886669.17,14886669.17,0,114886669.17,114886669.17,0.0,0.0053,0
2026-02-10T15:20:00,100000000.0,114886669.17,14886669.17,0,114886669.17,114886669.17,0.0,0.0053,0
2026-02-10T15:25:00,100000000.0,114886669.17,14886669.17,0,114886669.17,114886669.17,0.0,0.0053,0
2026-02-10T15:30:00,100000000.0,114886669.17,14886669.17,0,114886669.17,114886669.17,0.0,0.0053,0
